config,case,init,instellation,ps_bar,d0,cloudir,T_global,T_min,T_max,OLR_global,ASR_global,TOA_imbalance,dT_last,n_years,state,diffadj,rot_scaling,D,dt,co2_condensing,icelineN,icelineS,iceline_lon,converged,dOLR,wall_s,rc,error
constant_c-30,1,warm,500,0.7,3.33,-30.0,185.935,167.233,214.501,99.53607803078546,100.19214589590021,0.6560678651147498,-0.043000000000006366,28,equilibrium,False,False,3.33,1350.0,0.0,0.0,0.0,0.0,True,0.0001220703125,0.4,0,
constant_c-30,2,warm,1900,7.85,3.33,-30.0,63575.556,nan,nan,349.72563489080085,465.78998558219905,116.0643506913982,365.3489999999947,1647,"runaway (beyond table, T > 620 K)",False,False,3.33,1350.0,0.0,90.0,-90.0,180.0,True,0.00048828125,24.2,0,
constant_c-30,3,warm,2400,0.21,3.33,-30.0,25550.978,nan,nan,325.2084877593328,588.7508689562319,263.5423811968991,840.3250000000007,300,"runaway (beyond table, T > 620 K)",False,False,3.33,1350.0,0.0,90.0,-90.0,180.0,True,0.0003662109375,4.5,0,
constant_c-30,4,warm,1200,2.34,3.33,-30.0,330.88,269.851,424.832,291.79295016087866,293.9988981632712,2.2059480023925175,0.08800000000002228,36,equilibrium,False,False,3.33,1350.0,0.0,90.0,-90.0,180.0,True,0.000274658203125,0.6,0,
constant_c-30,5,warm,1500,0.16,3.33,-30.0,2359.62,2288.127,2498.091,322.75634164424787,367.9721970352606,45.215855391012724,138.0619999999999,147,"runaway (beyond table, T > 620 K)",False,False,3.33,1350.0,0.0,90.0,-90.0,180.0,True,0.0003662109375,2.1,0,
constant_c-30,6,warm,2100,1.83,3.33,-30.0,47428.845,nan,nan,334.05334309917487,515.0727491167302,181.0194060175553,574.6640000000043,808,"runaway (beyond table, T > 620 K)",False,False,3.33,1350.0,0.0,90.0,-90.0,180.0,True,0.000396728515625,11.7,0,
constant_c-30,7,warm,1600,0.55,3.33,-30.0,7161.664,7091.714,7315.67,324.78778961839237,392.4837140326206,67.69592441422822,210.33100000000013,321,"runaway (beyond table, T > 620 K)",False,False,3.33,1350.0,0.0,90.0,-90.0,180.0,True,0.000457763671875,4.7,0,
constant_c-30,8,warm,800,6.16,3.33,-30.0,241.535,208.156,294.389,178.2202923886973,179.5211216667449,1.3008292780476154,-0.060000000000002274,29,equilibrium,False,False,3.33,1350.0,0.0,0.0,0.0,0.0,True,0.000274658203125,0.4,0,
constant_c-30,9,warm,1100,0.7,3.33,-30.0,289.244,238.519,370.476,267.9382830857873,269.9747905436427,2.036507457855407,-0.10499999999996135,21,equilibrium,False,False,3.33,1350.0,0.0,90.0,-17.209,107.209,True,0.000244140625,0.3,0,
constant_c-30,10,warm,400,4.83,3.33,-30.0,169.48,154.12,192.746,78.17175876625973,78.69577066109548,0.524011894835752,-0.03499999999999659,32,equilibrium,False,False,3.33,1350.0,0.0,0.0,0.0,0.0,True,0.00019073486328125,0.4,0,
constant_c-30,11,warm,900,0.1,3.33,-30.0,239.393,204.808,295.903,205.28260888358966,206.75938408504973,1.4767752014600717,-0.16900000000001114,22,equilibrium,False,False,3.33,1350.0,0.0,0.0,0.0,0.0,True,0.0002593994140625,0.3,0,
constant_c-30,12,warm,1500,2.98,3.33,-30.0,11734.833,nan,nan,333.4910015678939,367.8694477261505,34.37844615825662,102.95100000000093,1002,"runaway (beyond table, T > 620 K)",False,False,3.33,1350.0,0.0,90.0,-90.0,180.0,True,0.000457763671875,14.2,0,
constant_c-30,13,warm,1600,0.16,3.33,-30.0,4084.442,4015.046,4239.012,323.08393047477443,392.5038060067706,69.41987553199618,215.90999999999985,174,"runaway (beyond table, T > 620 K)",False,False,3.33,1350.0,0.0,90.0,-90.0,180.0,True,0.000335693359375,2.4,0,
constant_c-30,14,warm,900,1.44,3.33,-30.0,254.427,216.369,315.012,211.91112941418208,213.41907167403434,1.507942259852257,-0.07900000000000773,26,equilibrium,False,False,3.33,1350.0,0.0,0.0,0.0,0.0,True,0.00030517578125,0.4,0,
constant_c-30,15,warm,600,0.43,3.33,-30.0,199.423,177.407,233.25,120.5145540765204,121.29786893935594,0.7833148628355389,-0.09799999999998477,24,equilibrium,False,False,3.33,1350.0,0.0,0.0,0.0,0.0,True,6.103515625e-05,0.3,0,
constant_c-30,16,warm,1400,10.0,3.33,-30.0,4222.583,4145.46,4341.251,333.28782003021684,343.1617460785918,9.873926048374983,24.126999999999498,1068,"runaway (beyond table, T > 620 K)",False,False,3.33,1350.0,0.0,90.0,-90.0,180.0,True,0.00048828125,14.8,0,
constant_c-35,1,warm,500,0.7,3.33,-35.0,182.103,163.27,210.751,99.3733358516786,100.02627870316023,0.652942851481626,-0.12899999999999068,26,equilibrium,False,False,3.33,1350.0,0.0,0.0,0.0,0.0,True,0.00048828125,0.4,0,
constant_c-35,2,warm,1900,7.85,3.33,-35.0,62645.488,nan,nan,354.63169247740467,465.78998558219905,111.15829310479438,349.4519999999975,1693,"runaway (beyond table, T > 620 K)",False,False,3.33,1350.0,0.0,90.0,-90.0,180.0,True,0.000457763671875,24.7,0,
constant_c-35,3,warm,2400,0.21,3.33,-35.0,22182.46,nan,nan,330.08415472759157,588.7508689562319,258.66671422864033,824.5349999999999,265,"runaway (beyond table, T > 620 K)",False,False,3.33,1350.0,0.0,90.0,-90.0,180.0,True,0.000396728515625,4.0,0,
constant_c-35,4,warm,1200,2.34,3.33,-35.0,324.101,264.036,417.131,291.58875850804714,293.7944802433792,2.2057217353320766,0.057999999999992724,34,equilibrium,False,False,3.33,1350.0,0.0,90.0,-90.0,180.0,True,0.00018310546875,0.6,0,
constant_c-35,5,warm,1500,0.16,3.33,-35.0,2016.87,1943.787,2153.751,327.6628153655752,367.9721970352606,40.309381669685365,122.16799999999989,138,"runaway (beyond table, T > 620 K)",False,False,3.33,1350.0,0.0,90.0,-90.0,180.0,True,0.00048828125,2.0,0,
constant_c-35,6,warm,2100,1.83,3.33,-35.0,46420.307,nan,nan,338.9911272946773,515.0727491167302,176.08162182205285,558.6650000000009,813,"runaway (beyond table, T > 620 K)",False,False,3.33,1350.0,0.0,90.0,-90.0,180.0,True,0.00048828125,11.9,0,
constant_c-35,7,warm,1600,0.55,3.33,-35.0,7253.869,7182.294,7406.25,329.8029523469403,392.4837140326206,62.680761685680295,194.07600000000002,352,"runaway (beyond table, T > 620 K)",False,False,3.33,1350.0,0.0,90.0,-90.0,180.0,True,0.000457763671875,5.1,0,
constant_c-35,8,warm,800,6.16,3.33,-35.0,235.977,202.965,288.387,175.26466420462802,176.56447486560722,1.2998106609792046,-0.06700000000000728,32,equilibrium,False,False,3.33,1350.0,0.0,0.0,0.0,0.0,True,0.0003662109375,0.4,0,
constant_c-35,9,warm,1100,0.7,3.33,-35.0,285.071,234.965,365.431,267.6228804105727,269.64428564061643,2.02140523004374,-0.117999999999995,22,equilibrium,False,False,3.33,1350.0,0.0,90.0,-12.597,102.597,True,0.000244140625,0.3,0,
constant_c-35,10,warm,400,4.83,3.33,-35.0,164.812,149.247,188.319,78.16996513261763,78.69550618318615,0.5255410505685205,-0.08199999999999363,31,equilibrium,False,False,3.33,1350.0,0.0,0.0,0.0,0.0,True,0.00037384033203125,0.4,0,
constant_c-35,11,warm,900,0.1,3.33,-35.0,235.09,201.073,290.728,201.38981286019518,202.85096810120174,1.4611552410065656,-0.10900000000000887,26,equilibrium,False,False,3.33,1350.0,0.0,0.0,0.0,0.0,True,0.000274658203125,0.4,0,
constant_c-35,12,warm,1500,2.98,3.33,-35.0,10709.397,nan,nan,338.11544312909393,367.8694477261505,29.754004597056564,87.96399999999994,1052,"runaway (beyond table, T > 620 K)",False,False,3.33,1350.0,0.0,90.0,-90.0,180.0,True,0.000396728515625,15.0,0,
constant_c-35,13,warm,1600,0.16,3.33,-35.0,4086.131,4015.115,4239.081,328.08393047477443,392.5038060067706,64.41987553199618,199.70499999999993,188,"runaway (beyond table, T > 620 K)",False,False,3.33,1350.0,0.0,90.0,-90.0,180.0,True,0.00042724609375,2.7,0,
constant_c-35,14,warm,900,1.44,3.33,-35.0,250.512,212.734,310.661,210.52237794887904,212.02028455846474,1.4979066095856979,-0.0589999999999975,26,equilibrium,False,False,3.33,1350.0,0.0,0.0,0.0,0.0,True,4.57763671875e-05,0.4,0,
constant_c-35,15,warm,600,0.43,3.33,-35.0,196.107,173.998,230.017,120.2571076751024,121.03942226957383,0.7823145944714298,-0.12399999999999523,24,equilibrium,False,False,3.33,1350.0,0.0,0.0,0.0,0.0,True,0.00048828125,0.3,0,
constant_c-35,16,warm,1400,10.0,3.33,-35.0,2862.498,2784.544,2980.316,335.88112200224333,343.1617460785918,7.280624076348488,15.721000000000004,954,"runaway (beyond table, T > 620 K)",False,False,3.33,1350.0,0.0,90.0,-90.0,180.0,True,0.000335693359375,13.2,0,
constant_c-40,1,warm,500,0.7,3.33,-40.0,178.088,159.103,206.822,99.22277700308163,99.87197433113715,0.6491973280555214,-0.0519999999999925,29,equilibrium,False,False,3.33,1350.0,0.0,0.0,0.0,0.0,True,0.00040435791015625,0.4,0,
constant_c-40,2,warm,1900,7.85,3.33,-40.0,58336.087,nan,nan,359.17848690713663,465.78998558219905,106.61149867506242,334.7220000000016,1642,"runaway (beyond table, T > 620 K)",False,False,3.33,1350.0,0.0,90.0,-90.0,180.0,True,0.00048828125,23.7,0,
constant_c-40,3,warm,2400,0.21,3.33,-40.0,20300.364,nan,nan,335.0064313269705,588.7508689562319,253.74443762926137,808.5920000000006,247,"runaway (beyond table, T > 620 K)",False,False,3.33,1350.0,0.0,90.0,-90.0,180.0,True,0.00048828125,3.6,0,
constant_c-40,4,warm,1200,2.34,3.33,-40.0,317.855,258.688,409.985,291.34523078239226,293.5500316630749,2.204800880682626,0.05400000000003047,32,equilibrium,False,False,3.33,1350.0,0.0,90.0,-58.236,148.236,True,9.1552734375e-05,0.5,0,
constant_c-40,5,warm,1500,0.16,3.33,-40.0,2180.357,2105.639,2315.603,332.70872582071104,367.9721970352606,35.263471214549554,105.80499999999984,174,"runaway (beyond table, T > 620 K)",False,False,3.33,1350.0,0.0,90.0,-90.0,180.0,True,0.0003662109375,2.4,0,
constant_c-40,6,warm,2100,1.83,3.33,-40.0,43985.166,nan,nan,343.83452170537,515.0727491167302,171.23822741136019,542.9729999999981,792,"runaway (beyond table, T > 620 K)",False,False,3.33,1350.0,0.0,90.0,-90.0,180.0,True,0.00042724609375,11.5,0,
constant_c-40,7,warm,1600,0.55,3.33,-40.0,6624.299,6551.14,6775.096,334.69332645200086,392.4837140326206,57.79038758061972,178.23199999999997,348,"runaway (beyond table, T > 620 K)",False,False,3.33,1350.0,0.0,90.0,-90.0,180.0,True,0.000335693359375,4.9,0,
constant_c-40,8,warm,800,6.16,3.33,-40.0,231.235,198.385,283.381,173.57177519148033,174.87127073410466,1.299495542624328,-0.044999999999987494,34,equilibrium,False,False,3.33,1350.0,0.0,0.0,0.0,0.0,True,0.00030517578125,0.4,0,
constant_c-40,9,warm,1100,0.7,3.33,-40.0,281.018,231.489,360.53,267.28780035275145,269.2945678622826,2.00676750953113,-0.06500000000005457,24,equilibrium,False,False,3.33,1350.0,0.0,90.0,-8.434,98.434,True,6.103515625e-05,0.3,0,
constant_c-40,10,warm,400,4.83,3.33,-40.0,159.719,143.939,183.49,78.16688679576725,78.69538920540771,0.5285024096404527,-0.056000000000011596,34,equilibrium,False,False,3.33,1350.0,0.0,0.0,0.0,0.0,True,0.00034332275390625,0.4,0,
constant_c-40,11,warm,900,0.1,3.33,-40.0,232.029,198.139,287.32,199.91768910425608,201.36743373706284,1.4497446328067554,-0.13100000000000023,23,equilibrium,False,False,3.33,1350.0,0.0,0.0,0.0,0.0,True,0.000244140625,0.3,0,
constant_c-40,12,warm,1500,2.98,3.33,-40.0,8650.069,8572.255,8782.162,342.2409116543668,367.8694477261505,25.628536071783685,74.60099999999875,979,"runaway (beyond table, T > 620 K)",False,False,3.33,1350.0,0.0,90.0,-90.0,180.0,True,0.000396728515625,13.6,0,
constant_c-40,13,warm,1600,0.16,3.33,-40.0,3492.12,3419.514,3643.479,332.99030125632873,392.5038060067706,59.51350475044188,183.8130000000001,172,"runaway (beyond table, T > 620 K)",False,False,3.33,1350.0,0.0,90.0,-90.0,180.0,True,0.0003662109375,2.4,0,
constant_c-40,14,warm,900,1.44,3.33,-40.0,246.914,209.304,306.739,209.49707862649007,210.98277402145615,1.4856953949660863,-0.12700000000000955,24,equilibrium,False,False,3.33,1350.0,0.0,0.0,0.0,0.0,True,0.00030517578125,0.4,0,
constant_c-40,15,warm,600,0.43,3.33,-40.0,192.693,170.464,226.704,120.03374558335538,120.81532423529303,0.7815786519376502,-0.05999999999997385,26,equilibrium,False,False,3.33,1350.0,0.0,0.0,0.0,0.0,True,0.00025177001953125,0.3,0,
constant_c-40,16,warm,1400,10.0,3.33,-40.0,572.922,496.489,692.142,331.29898204944027,343.14063338266976,11.841651333229493,30.314000000000078,55,runaway,False,False,3.33,1350.0,0.0,90.0,-90.0,180.0,True,0.000213623046875,0.8,0,
constant_c-45,1,warm,500,0.7,3.33,-45.0,173.921,154.747,202.799,99.12519825382093,99.76930209870291,0.6441038448819825,-0.07099999999999795,29,equilibrium,False,False,3.33,1350.0,0.0,0.0,0.0,0.0,True,0.0001983642578125,0.4,0,
constant_c-45,2,warm,1900,7.85,3.33,-45.0,55400.046,nan,nan,363.85042932053284,465.78998558219905,101.93955626166621,319.5849999999991,1629,"runaway (beyond table, T > 620 K)",False,False,3.33,1350.0,0.0,90.0,-90.0,180.0,True,0.000396728515625,24.0,0,
constant_c-45,3,warm,2400,0.21,3.33,-45.0,20298.725,nan,nan,340.0063471409877,588.7508689562319,248.74452181524418,792.3909999999996,252,"runaway (beyond table, T > 620 K)",False,False,3.33,1350.0,0.0,90.0,-90.0,180.0,True,0.00048828125,3.8,0,
constant_c-45,4,warm,1200,2.34,3.33,-45.0,312.242,253.867,403.507,291.0791756221118,293.27736930814484,2.1981936860330507,0.02600000000001046,32,equilibrium,False,False,3.33,1350.0,0.0,90.0,-45.573,135.573,True,3.0517578125e-05,0.5,0,
constant_c-45,5,warm,1500,0.16,3.33,-45.0,1635.983,1559.702,1769.663,337.5375069267753,367.9721970352606,30.434690108485313,90.16799999999989,144,"runaway (beyond table, T > 620 K)",False,False,3.33,1350.0,0.0,90.0,-90.0,180.0,True,0.000396728515625,2.0,0,
constant_c-45,6,warm,2100,1.83,3.33,-45.0,43514.276,nan,nan,348.8033772946773,515.0727491167302,166.26937182205285,526.8729999999996,807,"runaway (beyond table, T > 620 K)",False,False,3.33,1350.0,0.0,90.0,-90.0,180.0,True,0.000335693359375,11.9,0,
constant_c-45,7,warm,1600,0.55,3.33,-45.0,6624.559,6549.78,6773.736,339.69308924417885,392.4837140326206,52.79062478844173,162.02599999999984,382,"runaway (beyond table, T > 620 K)",False,False,3.33,1350.0,0.0,90.0,-90.0,180.0,True,0.000335693359375,5.6,0,
constant_c-45,8,warm,800,6.16,3.33,-45.0,225.075,192.961,276.231,169.61736983079325,170.92679150239348,1.3094216716002336,-0.030000000000001137,36,equilibrium,False,False,3.33,1350.0,0.0,0.0,0.0,0.0,True,0.0001068115234375,0.5,0,
constant_c-45,9,warm,1100,0.7,3.33,-45.0,277.166,228.139,355.882,266.937537953824,268.92684279899396,1.9893048451699542,-0.06400000000002137,24,equilibrium,False,False,3.33,1350.0,0.0,90.0,-4.503,94.503,True,0.00018310546875,0.3,0,
constant_c-45,10,warm,400,4.83,3.33,-45.0,128.499,128.499,128.499,60.459,78.69538920540771,18.236389205407704,-43.679,16,CO2 condensing,False,False,3.33,1350.0,1.0,0.0,0.0,0.0,True,0.0,0.3,0,
constant_c-45,11,warm,900,0.1,3.33,-45.0,228.723,195.025,283.545,198.01018473305544,199.44888280691885,1.4386980738634065,-0.031999999999982265,28,equilibrium,False,False,3.33,1350.0,0.0,0.0,0.0,0.0,True,0.000244140625,0.4,0,
constant_c-45,12,warm,1500,2.98,3.33,-45.0,7337.809,7258.594,7468.499,346.5684751513628,367.8694477261505,21.300972574787693,60.57600000000002,992,"runaway (beyond table, T > 620 K)",False,False,3.33,1350.0,0.0,90.0,-90.0,180.0,True,0.00048828125,14.2,0,
constant_c-45,13,warm,1600,0.16,3.33,-45.0,3402.439,3328.219,3552.183,337.97446062846404,392.5038060067706,54.52934537830657,167.65999999999985,183,"runaway (beyond table, T > 620 K)",False,False,3.33,1350.0,0.0,90.0,-90.0,180.0,True,0.000335693359375,2.6,0,
constant_c-45,14,warm,900,1.44,3.33,-45.0,242.295,205.067,301.649,206.82105881199567,208.29923515346155,1.4781763414658826,-0.08899999999999864,27,equilibrium,False,False,3.33,1350.0,0.0,0.0,0.0,0.0,True,0.00042724609375,0.4,0,
constant_c-45,15,warm,600,0.43,3.33,-45.0,189.112,166.755,223.238,119.79337763084345,120.57436050550709,0.7809828746636356,-0.0519999999999925,27,equilibrium,False,False,3.33,1350.0,0.0,0.0,0.0,0.0,True,0.00031280517578125,0.3,0,
constant_c-45,16,warm,1400,10.0,3.33,-45.0,500.604,422.241,618.187,336.61413857706924,342.9014047247965,6.28726614772728,12.399999999999977,51,runaway,False,False,3.33,1350.0,0.0,90.0,-90.0,180.0,True,0.0,0.8,0,
constant_c-50,1,warm,500,0.7,3.33,-50.0,169.585,150.178,198.706,99.09948648207968,99.7414363625024,0.6419498804227146,-0.09499999999999886,29,equilibrium,False,False,3.33,1350.0,0.0,0.0,0.0,0.0,True,0.00035858154296875,0.4,0,
constant_c-50,2,warm,1900,7.85,3.33,-50.0,52478.663,nan,nan,368.5066880708979,465.78998558219905,97.28329751130116,304.49900000000343,1615,"runaway (beyond table, T > 620 K)",False,False,3.33,1350.0,0.0,90.0,-90.0,180.0,True,0.000457763671875,23.4,0,
constant_c-50,3,warm,2400,0.21,3.33,-50.0,20669.006,nan,nan,345.0220403879191,588.7508689562319,243.7288285683128,776.1370000000024,262,"runaway (beyond table, T > 620 K)",False,False,3.33,1350.0,0.0,90.0,-90.0,180.0,True,0.00048828125,3.9,0,
constant_c-50,4,warm,1200,2.34,3.33,-50.0,306.829,249.201,397.258,290.77559585239214,292.9687859645969,2.1931901122047748,0.06200000000001182,27,equilibrium,False,False,3.33,1350.0,0.0,90.0,-36.569,126.569,True,0.0001220703125,0.4,0,
constant_c-50,5,warm,1500,0.16,3.33,-50.0,1551.24,1473.35,1683.31,342.5053437508641,367.9721970352606,25.466853284396507,74.0630000000001,163,"runaway (beyond table, T > 620 K)",False,False,3.33,1350.0,0.0,90.0,-90.0,180.0,True,0.000335693359375,2.3,0,
constant_c-50,6,warm,2100,1.83,3.33,-50.0,42127.575,nan,nan,353.7094261309161,515.0727491167302,161.36332298581408,510.9779999999955,805,"runaway (beyond table, T > 620 K)",False,False,3.33,1350.0,0.0,90.0,-90.0,180.0,True,0.00048828125,11.7,0,
constant_c-50,7,warm,1600,0.55,3.33,-50.0,5318.119,5241.807,5465.761,344.428129632098,392.4837140326206,48.055584400522605,146.692,334,"runaway (beyond table, T > 620 K)",False,False,3.33,1350.0,0.0,90.0,-90.0,180.0,True,0.000457763671875,4.8,0,
constant_c-50,8,warm,800,6.16,3.33,-50.0,218.817,187.594,268.164,165.37632304802057,166.62321341538538,1.2468903673648128,-0.06299999999998818,33,equilibrium,False,False,3.33,1350.0,0.0,0.0,0.0,0.0,True,0.0003509521484375,0.4,0,
constant_c-50,9,warm,1100,0.7,3.33,-50.0,273.281,224.73,351.232,266.38004647741406,268.3511862096849,1.9711397322708422,-0.08400000000000318,24,equilibrium,False,False,3.33,1350.0,0.0,90.0,-1.126,91.126,True,0.000213623046875,0.3,0,
constant_c-50,10,warm,400,4.83,3.33,-50.0,128.499,128.499,128.499,65.459,78.69538920540771,13.236389205407704,-102.69800000000001,12,CO2 condensing,False,False,3.33,1350.0,1.0,0.0,0.0,0.0,True,0.0,0.2,0,
constant_c-50,11,warm,900,0.1,3.33,-50.0,224.348,191.194,278.169,193.6787523855898,195.11016185471453,1.4314094691247305,-0.022999999999996135,29,equilibrium,False,False,3.33,1350.0,0.0,0.0,0.0,0.0,True,7.62939453125e-05,0.4,0,
constant_c-50,12,warm,1500,2.98,3.33,-50.0,5440.739,5360.301,5570.2,350.35046205849943,367.8694477261505,17.518985667651066,48.32799999999952,883,"runaway (beyond table, T > 620 K)",False,False,3.33,1350.0,0.0,90.0,-90.0,180.0,True,0.000457763671875,12.2,0,
constant_c-50,13,warm,1600,0.16,3.33,-50.0,3398.928,3323.088,3547.053,342.97352985300427,392.5038060067706,49.53027615376635,151.45699999999988,202,"runaway (beyond table, T > 620 K)",False,False,3.33,1350.0,0.0,90.0,-90.0,180.0,True,0.00030517578125,2.8,0,
constant_c-50,14,warm,900,1.44,3.33,-50.0,238.426,201.348,297.508,205.34176630358508,206.8117862717374,1.4700199681523145,-0.09000000000000341,26,equilibrium,False,False,3.33,1350.0,0.0,0.0,0.0,0.0,True,9.1552734375e-05,0.4,0,
constant_c-50,15,warm,600,0.43,3.33,-50.0,185.425,162.912,219.678,119.59792485114171,120.3775744780163,0.7796496268745869,-0.06699999999997885,27,equilibrium,False,False,3.33,1350.0,0.0,0.0,0.0,0.0,True,0.0004119873046875,0.4,0,
constant_c-50,16,warm,1400,10.0,3.33,-50.0,470.944,392.305,586.864,340.0900490824272,342.625832108771,2.535783026343836,0.19400000000001683,121,equilibrium,False,False,3.33,1350.0,0.0,90.0,-90.0,180.0,True,0.000213623046875,1.7,0,
constant_c-55,1,warm,500,0.7,3.33,-55.0,164.947,145.285,194.374,99.09207340643867,99.73712255949195,0.6450491530532787,-0.0730000000000075,31,equilibrium,False,False,3.33,1350.0,0.0,0.0,0.0,0.0,True,0.00025177001953125,0.4,0,
constant_c-55,2,warm,1900,7.85,3.33,-55.0,52090.148,nan,nan,373.45950946470276,465.78998558219905,92.33047611749629,288.4490000000005,1687,"runaway (beyond table, T > 620 K)",False,False,3.33,1350.0,0.0,90.0,-90.0,180.0,True,0.00048828125,24.2,0,
constant_c-55,3,warm,2400,0.21,3.33,-55.0,19943.061,nan,nan,349.9904889135744,588.7508689562319,238.76038004265752,760.0400000000009,258,"runaway (beyond table, T > 620 K)",False,False,3.33,1350.0,0.0,90.0,-90.0,180.0,True,0.000335693359375,3.8,0,
constant_c-55,4,warm,1200,2.34,3.33,-55.0,301.829,244.862,391.458,290.4552100894197,292.6391842908618,2.1839742014420835,0.06499999999999773,24,equilibrium,False,False,3.33,1350.0,0.0,90.0,-29.605,119.605,True,0.0001220703125,0.3,0,
constant_c-55,5,warm,1500,0.16,3.33,-55.0,1104.734,1025.292,1235.248,347.3027748397977,367.9721970352606,20.669422195462914,58.524999999999864,130,"runaway (beyond table, T > 620 K)",False,False,3.33,1350.0,0.0,90.0,-90.0,180.0,True,0.0003662109375,1.7,0,
constant_c-55,6,warm,2100,1.83,3.33,-55.0,40351.818,nan,nan,358.58485473711124,515.0727491167302,156.48789437961892,495.1820000000007,795,"runaway (beyond table, T > 620 K)",False,False,3.33,1350.0,0.0,90.0,-90.0,180.0,True,0.00042724609375,11.6,0,
constant_c-55,7,warm,1600,0.55,3.33,-55.0,4856.968,4779.071,5003.025,349.31863675938007,392.4837140326206,43.16507727324051,130.84500000000025,339,"runaway (beyond table, T > 620 K)",False,False,3.33,1350.0,0.0,90.0,-90.0,180.0,True,0.000335693359375,4.8,0,
constant_c-55,8,warm,800,6.16,3.33,-55.0,213.344,182.751,261.059,162.31412705396022,163.45945027901885,1.1453232250586325,-0.0630000000000166,31,equilibrium,False,False,3.33,1350.0,0.0,0.0,0.0,0.0,True,0.0002899169921875,0.4,0,
constant_c-55,9,warm,1100,0.7,3.33,-55.0,269.483,221.367,346.701,265.8345436836336,267.7875594528385,1.9530157692048533,-0.08100000000001728,24,equilibrium,False,False,3.33,1350.0,0.0,0.0,0.0,0.0,True,6.103515625e-05,0.3,0,
constant_c-55,10,warm,400,4.83,3.33,-55.0,128.499,128.499,128.499,70.459,78.69538920540771,8.236389205407704,-143.174,10,CO2 condensing,False,False,3.33,1350.0,1.0,0.0,0.0,0.0,True,0.0,0.1,0,
constant_c-55,11,warm,900,0.1,3.33,-55.0,219.35,186.946,271.057,188.10055813646196,189.46452391037025,1.3639657739082907,-0.043000000000006366,29,equilibrium,False,False,3.33,1350.0,0.0,0.0,0.0,0.0,True,6.103515625e-05,0.4,0,
constant_c-55,12,warm,1500,2.98,3.33,-55.0,4029.082,3947.424,4157.315,354.13180666155966,367.8694477261505,13.737641064590832,36.07600000000002,822,"runaway (beyond table, T > 620 K)",False,False,3.33,1350.0,0.0,90.0,-90.0,180.0,True,0.000457763671875,11.6,0,
constant_c-55,13,warm,1600,0.16,3.33,-55.0,2833.766,2756.342,2980.306,347.8650126543195,392.5038060067706,44.6387933524511,135.61200000000008,184,"runaway (beyond table, T > 620 K)",False,False,3.33,1350.0,0.0,90.0,-90.0,180.0,True,0.00042724609375,2.6,0,
constant_c-55,14,warm,900,1.44,3.33,-55.0,233.403,196.8,291.938,201.90306520641087,203.37358783667855,1.4705226302676806,-0.11000000000001364,30,equilibrium,False,False,3.33,1350.0,0.0,0.0,0.0,0.0,True,0.000335693359375,0.4,0,
constant_c-55,15,warm,600,0.43,3.33,-55.0,181.53,158.847,215.927,119.3999434522005,120.17797101943498,0.7780275672344743,-0.09000000000000341,27,equilibrium,False,False,3.33,1350.0,0.0,0.0,0.0,0.0,True,0.0004425048828125,0.3,0,
constant_c-55,16,warm,1400,10.0,3.33,-55.0,444.814,368.201,559.357,339.7113040346703,342.2516402981547,2.5403362634843916,0.07400000000001228,88,equilibrium,False,False,3.33,1350.0,0.0,90.0,-90.0,180.0,True,0.00048828125,1.3,0,
constant_c-60,1,warm,500,0.7,3.33,-60.0,159.889,139.959,189.642,99.08416860873294,99.73343973686536,0.6492711281324262,-0.06799999999998363,33,equilibrium,False,False,3.33,1350.0,0.0,0.0,0.0,0.0,True,0.0002899169921875,0.5,0,
constant_c-60,2,warm,1900,7.85,3.33,-60.0,47549.344,nan,nan,377.8818436506856,465.78998558219905,87.90814193151346,274.1229999999996,1615,"runaway (beyond table, T > 620 K)",False,False,3.33,1350.0,0.0,90.0,-90.0,180.0,True,0.00042724609375,23.8,0,
constant_c-60,3,warm,2400,0.21,3.33,-60.0,22576.491,nan,nan,355.09942192627625,588.7508689562319,233.65144702995565,743.4780000000028,299,"runaway (beyond table, T > 620 K)",False,False,3.33,1350.0,0.0,90.0,-90.0,180.0,True,0.00030517578125,4.4,0,
constant_c-60,4,warm,1200,2.34,3.33,-60.0,297.022,240.662,385.893,290.1030190113855,292.27607192261667,2.1730529112311388,0.03999999999996362,20,equilibrium,False,False,3.33,1350.0,0.0,90.0,-23.438,113.438,True,3.0517578125e-05,0.3,0,
constant_c-60,5,warm,1500,0.16,3.33,-60.0,746.983,666.0,875.948,352.0690485805428,367.9721970352606,15.90314845471778,43.08999999999992,93,"runaway (beyond table, T > 620 K)",False,False,3.33,1350.0,0.0,90.0,-90.0,180.0,True,0.000335693359375,1.4,0,
constant_c-60,6,warm,2100,1.83,3.33,-60.0,39279.397,nan,nan,363.506519067264,515.0727491167302,151.56623004946618,479.2350000000006,799,"runaway (beyond table, T > 620 K)",False,False,3.33,1350.0,0.0,90.0,-90.0,180.0,True,0.000335693359375,11.4,0,
constant_c-60,7,warm,1600,0.55,3.33,-60.0,3897.623,3818.193,4042.144,354.0535384015024,392.4837140326206,38.430175631118175,115.51099999999997,302,"runaway (beyond table, T > 620 K)",False,False,3.33,1350.0,0.0,90.0,-90.0,180.0,True,0.00042724609375,4.3,0,
constant_c-60,8,warm,800,6.16,3.33,-60.0,209.349,178.903,256.853,161.50955573874194,162.64977201565682,1.1402162769148845,-0.06499999999999773,30,equilibrium,False,False,3.33,1350.0,0.0,0.0,0.0,0.0,True,0.000335693359375,0.4,0,
constant_c-60,9,warm,1100,0.7,3.33,-60.0,265.675,217.963,342.211,265.04288782128566,266.9767293177613,1.9338414964756225,-0.23699999999996635,22,equilibrium,False,False,3.33,1350.0,0.0,0.0,0.0,0.0,True,0.00048828125,0.3,0,
constant_c-60,10,warm,400,4.83,3.33,-60.0,128.499,128.499,128.499,75.459,78.69538920540771,3.236389205407704,-142.472,9,CO2 condensing,False,False,3.33,1350.0,1.0,0.0,0.0,0.0,True,0.0,0.1,0,
constant_c-60,11,warm,900,0.1,3.33,-60.0,215.275,183.226,265.459,184.65374559094906,185.92257449747447,1.268828906525414,-0.23399999999998045,24,equilibrium,False,False,3.33,1350.0,0.0,0.0,0.0,0.0,True,0.0003509521484375,0.3,0,
constant_c-60,12,warm,1500,2.98,3.33,-60.0,2968.412,2885.538,3095.418,357.89682179861757,367.8694477261505,9.972625927532931,23.86999999999989,825,"runaway (beyond table, T > 620 K)",False,False,3.33,1350.0,0.0,90.0,-90.0,180.0,True,0.000396728515625,11.5,0,
constant_c-60,13,warm,1600,0.16,3.33,-60.0,2422.269,2343.256,2567.219,352.7714776252818,392.5038060067706,39.7323283814888,119.71699999999964,174,"runaway (beyond table, T > 620 K)",False,False,3.33,1350.0,0.0,90.0,-90.0,180.0,True,0.000457763671875,2.4,0,
constant_c-60,14,warm,900,1.44,3.33,-60.0,229.463,193.092,287.706,200.19349938072565,201.6653107954826,1.4718114147569565,-0.056000000000011596,28,equilibrium,False,False,3.33,1350.0,0.0,0.0,0.0,0.0,True,0.000244140625,0.4,0,
constant_c-60,15,warm,600,0.43,3.33,-60.0,177.441,154.567,211.995,119.20507210650835,119.98161355898293,0.7765414524745751,-0.09000000000000341,28,equilibrium,False,False,3.33,1350.0,0.0,0.0,0.0,0.0,True,0.0002593994140625,0.4,0,
constant_c-60,16,warm,1400,10.0,3.33,-60.0,427.44,352.144,540.763,339.3552678922028,341.8970740457742,2.5418061535714287,0.07299999999997908,78,equilibrium,False,False,3.33,1350.0,0.0,90.0,-90.0,180.0,True,0.00018310546875,1.1,0,
perbar_c-30,1,warm,500,0.7,3.0262,-30.0,185.424,160.57,223.824,99.88504132630345,100.51328730328471,0.6282459769812618,-0.11299999999999955,26,equilibrium,True,False,2.3318955916264783,1350.0,0.0,0.0,0.0,0.0,True,0.0002899169921875,0.3,0,
perbar_c-30,2,warm,1900,7.85,3.0262,-30.0,50713.617,nan,nan,348.29082898992834,465.78998558219905,117.49915659227071,370.0919999999969,1297,"runaway (beyond table, T > 620 K)",True,False,26.15054342038265,755.3604566533344,0.0,90.0,-90.0,180.0,True,0.000457763671875,33.9,0,
perbar_c-30,3,warm,2400,0.21,3.0262,-30.0,21040.408,nan,nan,325.0377113428017,588.7508689562319,263.7131576134302,840.8909999999996,246,"runaway (beyond table, T > 620 K)",True,False,0.6995686774879434,1350.0,0.0,90.0,-90.0,180.0,True,0.0003662109375,3.7,0,
perbar_c-30,4,warm,1200,2.34,3.0262,-30.0,313.948,286.547,354.773,289.7690394264157,291.8712255682776,2.102186141861921,0.08199999999999363,30,equilibrium,True,False,7.795193834865656,1350.0,0.0,90.0,-90.0,180.0,True,0.000213623046875,0.5,0,
perbar_c-30,5,warm,1500,0.16,3.0262,-30.0,2330.219,1811.271,3122.787,322.7409473425531,367.9721970352606,45.23124969270748,138.11599999999999,132,"runaway (beyond table, T > 620 K)",True,False,0.5330047066574809,1350.0,0.0,90.0,-90.0,180.0,True,0.00048828125,1.9,0,
perbar_c-30,6,warm,2100,1.83,3.0262,-30.0,47427.652,nan,nan,334.0532087598848,515.0727491167302,181.01954035684537,574.6630000000005,808,"runaway (beyond table, T > 620 K)",True,False,6.0962413323949365,1350.0,0.0,90.0,-90.0,180.0,True,0.00042724609375,11.8,0,
perbar_c-30,7,warm,1600,0.55,3.0262,-30.0,7638.855,7494.511,7901.541,324.8655180132009,392.4837140326206,67.61819601941966,210.0759999999991,343,"runaway (beyond table, T > 620 K)",True,False,1.8322036791350902,1350.0,0.0,90.0,-90.0,180.0,True,0.0003662109375,4.9,0,
perbar_c-30,8,warm,800,6.16,3.0262,-30.0,231.08,225.204,239.808,160.92796171544026,162.1009607518648,1.1729990364245282,-0.053999999999973625,28,equilibrium,True,False,20.520681206313014,962.5940884299794,0.0,0.0,0.0,0.0,True,0.000213623046875,0.5,0,
perbar_c-30,9,warm,1100,0.7,3.0262,-30.0,301.452,231.067,417.039,268.82285159786994,270.9272783230006,2.104426725130679,0.08600000000001273,26,equilibrium,True,False,2.3318955916264783,1350.0,0.0,90.0,-18.212,108.212,True,0.000213623046875,0.4,0,
perbar_c-30,10,warm,400,4.83,3.0262,-30.0,170.627,166.984,176.025,78.1311485843801,78.69538920540771,0.5642406210276079,-0.08899999999999864,29,equilibrium,True,False,16.090079582222707,1227.6562287222923,0.0,0.0,0.0,0.0,True,0.0002899169921875,0.4,0,
perbar_c-30,11,warm,900,0.1,3.0262,-30.0,376.458,135.773,900.267,219.14252943840452,220.99970998570586,1.8571805473013399,0.07200000000000273,71,equilibrium,True,False,0.3331279416609255,1350.0,0.0,90.0,-3.753,93.753,True,0.000274658203125,0.9,0,
perbar_c-30,12,warm,1500,2.98,3.0262,-30.0,12564.957,nan,nan,333.7716889230941,367.8694477261505,34.09775880305642,102.03600000000006,1084,"runaway (beyond table, T > 620 K)",True,False,9.927212661495583,1350.0,0.0,90.0,-90.0,180.0,True,0.00042724609375,15.4,0,
perbar_c-30,13,warm,1600,0.16,3.0262,-30.0,4552.213,4005.429,5404.541,323.1460419006239,392.5038060067706,69.3577641061467,215.70299999999952,189,"runaway (beyond table, T > 620 K)",True,False,0.5330047066574809,1350.0,0.0,90.0,-90.0,180.0,True,0.000335693359375,2.6,0,
perbar_c-30,14,warm,900,1.44,3.0262,-30.0,252.01,224.123,295.503,209.166712922398,210.66460315753997,1.4978902351419663,-0.07600000000002183,24,equilibrium,True,False,4.797042359917326,1350.0,0.0,0.0,0.0,0.0,True,6.103515625e-05,0.3,0,
perbar_c-30,15,warm,600,0.43,3.0262,-30.0,197.324,156.693,261.988,122.36710508429762,123.05311785301184,0.686012768714221,-0.09899999999998954,27,equilibrium,True,False,1.43245014914198,1350.0,0.0,0.0,0.0,0.0,True,0.00041961669921875,0.4,0,
perbar_c-30,16,warm,1400,10.0,3.0262,-30.0,3199.969,3194.98,3214.555,331.5724749045064,343.1617460785918,11.589271174085411,29.733000000000175,690,"runaway (beyond table, T > 620 K)",True,False,33.31279416609255,592.9579584728674,0.0,90.0,-90.0,180.0,True,0.000457763671875,21.5,0,
perbar_c-35,1,warm,500,0.7,3.0262,-35.0,181.446,156.347,220.051,99.69172156194742,100.31959655939139,0.6278749974439677,-0.049000000000006594,29,equilibrium,True,False,2.3318955916264783,1350.0,0.0,0.0,0.0,0.0,True,0.00046539306640625,0.4,0,
perbar_c-35,2,warm,1900,7.85,3.0262,-35.0,46403.833,nan,nan,352.7287575961235,465.78998558219905,113.06122798607555,355.7149999999965,1232,"runaway (beyond table, T > 620 K)",True,False,26.15054342038265,755.3604566533344,0.0,90.0,-90.0,180.0,True,0.00048828125,31.7,0,
perbar_c-35,3,warm,2400,0.21,3.0262,-35.0,21800.522,nan,nan,330.06878793266105,588.7508689562319,258.68208102357084,824.5859999999993,260,"runaway (beyond table, T > 620 K)",True,False,0.6995686774879434,1350.0,0.0,90.0,-90.0,180.0,True,0.000457763671875,3.8,0,
perbar_c-35,4,warm,1200,2.34,3.0262,-35.0,307.745,280.612,348.35,289.1261827769555,291.231300335885,2.1051175589295212,0.055999999999983174,26,equilibrium,True,False,7.795193834865656,1350.0,0.0,90.0,-90.0,180.0,True,0.00018310546875,0.4,0,
perbar_c-35,5,warm,1500,0.16,3.0262,-35.0,869.058,350.594,1658.78,326.9287533815979,367.9721970352606,41.04344365366268,127.96100000000001,29,"runaway (beyond table, T > 620 K)",True,False,0.5330047066574809,1350.0,0.0,90.0,-90.0,180.0,True,0.00048828125,0.4,0,
perbar_c-35,6,warm,2100,1.83,3.0262,-35.0,44463.163,nan,nan,338.8660745834216,515.0727491167302,176.20667453330856,559.073000000004,778,"runaway (beyond table, T > 620 K)",True,False,6.0962413323949365,1350.0,0.0,90.0,-90.0,180.0,True,0.00042724609375,11.2,0,
perbar_c-35,7,warm,1600,0.55,3.0262,-35.0,6978.871,6832.943,7239.971,329.75644753560067,392.4837140326206,62.72726649701991,194.23000000000047,337,"runaway (beyond table, T > 620 K)",True,False,1.8322036791350902,1350.0,0.0,90.0,-90.0,180.0,True,0.0003662109375,4.8,0,
perbar_c-35,8,warm,800,6.16,3.0262,-35.0,227.197,221.343,235.891,160.18551308970123,161.3524781088763,1.1669650191750804,-0.13399999999998613,26,equilibrium,True,False,20.520681206313014,962.5940884299794,0.0,0.0,0.0,0.0,True,0.0002899169921875,0.5,0,
perbar_c-35,9,warm,1100,0.7,3.0262,-35.0,296.6,227.235,410.931,268.71723266245544,270.81238459397764,2.095151931522196,0.07400000000001228,25,equilibrium,True,False,2.3318955916264783,1350.0,0.0,90.0,-14.151,104.151,True,0.00018310546875,0.4,0,
perbar_c-35,10,warm,400,4.83,3.0262,-35.0,166.006,162.353,171.418,78.12967462116006,78.69538920540771,0.5657145842476439,-0.03700000000000614,33,equilibrium,True,False,16.090079582222707,1227.6562287222923,0.0,0.0,0.0,0.0,True,0.000152587890625,0.5,0,
perbar_c-35,11,warm,900,0.1,3.0262,-35.0,nan,,,,,,nan,4866,runaway (out of range),True,False,0.3331279416609255,1350.0,0.47058823529411764,,,,False,,7200.1,-1,timeout
perbar_c-35,12,warm,1500,2.98,3.0262,-35.0,10231.386,nan,nan,337.92851614462165,367.8694477261505,29.940931581528844,88.57300000000032,999,"runaway (beyond table, T > 620 K)",True,False,9.927212661495583,1350.0,0.0,90.0,-90.0,180.0,True,0.000335693359375,14.2,0,
perbar_c-35,13,warm,1600,0.16,3.0262,-35.0,3800.314,3251.962,4651.04,328.03726361551355,392.5038060067706,64.46654239125706,199.86099999999988,166,"runaway (beyond table, T > 620 K)",True,False,0.5330047066574809,1350.0,0.0,90.0,-90.0,180.0,True,0.0003662109375,2.3,0,
perbar_c-35,14,warm,900,1.44,3.0262,-35.0,247.424,219.925,290.576,205.8325514418656,207.33465901566643,1.5021075738008278,-0.0660000000000025,26,equilibrium,True,False,4.797042359917326,1350.0,0.0,0.0,0.0,0.0,True,7.62939453125e-05,0.4,0,
perbar_c-35,15,warm,600,0.43,3.0262,-35.0,193.668,152.537,258.718,121.99845756466974,122.68028270925704,0.6818251445873074,-0.08199999999999363,27,equilibrium,True,False,1.43245014914198,1350.0,0.0,0.0,0.0,0.0,True,0.00014495849609375,0.3,0,
perbar_c-35,16,warm,1400,10.0,3.0262,-35.0,541.335,538.1,557.658,325.87228075140007,342.8520202348549,16.979739483454807,45.93700000000001,42,runaway,True,False,33.31279416609255,592.9579584728674,0.0,90.0,-90.0,180.0,True,0.000457763671875,1.4,0,
perbar_c-40,1,warm,500,0.7,3.0262,-40.0,177.316,151.927,216.163,99.54107426364351,100.16589477389672,0.6248205102532154,-0.09799999999998477,28,equilibrium,True,False,2.3318955916264783,1350.0,0.0,0.0,0.0,0.0,True,0.0003662109375,0.4,0,
perbar_c-40,2,warm,1900,7.85,3.0262,-40.0,44165.508,nan,nan,357.4162000095197,465.78998558219905,108.37378557267937,340.52500000000146,1222,"runaway (beyond table, T > 620 K)",True,False,26.15054342038265,755.3604566533344,0.0,90.0,-90.0,180.0,True,0.00048828125,31.9,0,
perbar_c-40,3,warm,2400,0.21,3.0262,-40.0,19604.976,nan,nan,334.9755598048269,588.7508689562319,253.775309151405,808.6949999999997,238,"runaway (beyond table, T > 620 K)",True,False,0.6995686774879434,1350.0,0.0,90.0,-90.0,180.0,True,0.000457763671875,3.5,0,
perbar_c-40,4,warm,1200,2.34,3.0262,-40.0,302.266,275.404,342.634,288.4992499564127,290.60503540816256,2.1057854517498527,-0.06099999999997863,20,equilibrium,True,False,7.795193834865656,1350.0,0.0,90.0,-90.0,180.0,True,0.00018310546875,0.3,0,
perbar_c-40,5,warm,1500,0.16,3.0262,-40.0,861.83,341.577,1650.069,331.9108687246924,367.9721970352606,36.06132831056817,111.346,31,"runaway (beyond table, T > 620 K)",True,False,0.5330047066574809,1350.0,0.0,90.0,-90.0,180.0,True,0.000335693359375,0.4,0,
perbar_c-40,6,warm,2100,1.83,3.0262,-40.0,49244.758,nan,nan,344.16208774029343,515.0727491167302,170.91066137643674,541.9049999999988,889,"runaway (beyond table, T > 620 K)",True,False,6.0962413323949365,1350.0,0.0,90.0,-90.0,180.0,True,0.000335693359375,12.7,0,
perbar_c-40,7,warm,1600,0.55,3.0262,-40.0,6053.29,5905.799,6312.824,334.58468033691594,392.4837140326206,57.899033695704645,178.59000000000015,315,"runaway (beyond table, T > 620 K)",True,False,1.8322036791350902,1350.0,0.0,90.0,-90.0,180.0,True,0.00048828125,4.4,0,
perbar_c-40,8,warm,800,6.16,3.0262,-40.0,223.253,217.417,231.915,159.490424572124,160.6527812983143,1.1623567261902963,-0.06800000000001205,28,equilibrium,True,False,20.520681206313014,962.5940884299794,0.0,0.0,0.0,0.0,True,7.62939453125e-05,0.5,0,
perbar_c-40,9,warm,1100,0.7,3.0262,-40.0,291.985,223.526,405.103,268.56294694568726,270.64626062611296,2.0833136804257038,0.06299999999998818,23,equilibrium,True,False,2.3318955916264783,1350.0,0.0,90.0,-10.818,100.818,True,0.000213623046875,0.3,0,
perbar_c-40,10,warm,400,4.83,3.0262,-40.0,160.965,157.301,166.39,78.12939459424064,78.69538920540771,0.5659946111670706,-0.03700000000000614,35,equilibrium,True,False,16.090079582222707,1227.6562287222923,0.0,0.0,0.0,0.0,True,0.0003509521484375,0.5,0,
perbar_c-40,11,warm,900,0.1,3.0262,-40.0,nan,,,,,,nan,4866,runaway (out of range),True,False,0.3331279416609255,1350.0,0.47058823529411764,,,,False,,7200.1,-1,timeout
perbar_c-40,12,warm,1500,2.98,3.0262,-40.0,8884.241,8863.056,8933.471,342.3501255262766,367.8694477261505,25.519322199873898,74.2440000000006,1012,"runaway (beyond table, T > 620 K)",True,False,9.927212661495583,1350.0,0.0,90.0,-90.0,180.0,True,0.000335693359375,14.5,0,
perbar_c-40,13,warm,1600,0.16,3.0262,-40.0,3894.55,3344.571,4743.654,333.05188499979874,392.5038060067706,59.45192100697187,183.60800000000017,185,"runaway (beyond table, T > 620 K)",True,False,0.5330047066574809,1350.0,0.0,90.0,-90.0,180.0,True,0.000274658203125,2.5,0,
perbar_c-40,14,warm,900,1.44,3.0262,-40.0,243.653,216.35,286.568,203.96722429912407,205.467621203982,1.5003969048579222,-0.08400000000000318,27,equilibrium,True,False,4.797042359917326,1350.0,0.0,0.0,0.0,0.0,True,0.000335693359375,0.4,0,
perbar_c-40,15,warm,600,0.43,3.0262,-40.0,189.878,148.182,255.39,121.64497815220368,122.32366704101878,0.6786888888151026,-0.04100000000002524,29,equilibrium,True,False,1.43245014914198,1350.0,0.0,0.0,0.0,0.0,True,0.00031280517578125,0.4,0,
perbar_c-40,16,warm,1400,10.0,3.0262,-40.0,1504.546,1497.817,1517.391,336.9457569267753,343.1617460785918,6.21598915181653,12.304000000000087,571,"runaway (beyond table, T > 620 K)",True,False,33.31279416609255,592.9579584728674,0.0,90.0,-90.0,180.0,True,0.000396728515625,17.2,0,
perbar_c-45,1,warm,500,0.7,3.0262,-45.0,172.921,147.214,212.041,99.38190547810774,100.00608554051355,0.6241800624058129,-0.0660000000000025,30,equilibrium,True,False,2.3318955916264783,1350.0,0.0,0.0,0.0,0.0,True,0.0003662109375,0.4,0,
perbar_c-45,2,warm,1900,7.85,3.0262,-45.0,44493.955,nan,nan,362.4627877498131,465.78998558219905,103.32719783238593,324.1660000000047,1290,"runaway (beyond table, T > 620 K)",True,False,26.15054342038265,755.3604566533344,0.0,90.0,-90.0,180.0,True,0.00048828125,32.9,0,
perbar_c-45,3,warm,2400,0.21,3.0262,-45.0,23818.387,nan,nan,340.1464638180808,588.7508689562319,248.6044051381511,791.9259999999995,296,"runaway (beyond table, T > 620 K)",True,False,0.6995686774879434,1350.0,0.0,90.0,-90.0,180.0,True,0.000457763671875,4.2,0,
perbar_c-45,4,warm,1200,2.34,3.0262,-45.0,297.325,270.73,337.44,287.8859930463719,289.99376147633706,2.1077684299651764,-0.06900000000001683,24,equilibrium,True,False,7.795193834865656,1350.0,0.0,90.0,-90.0,180.0,True,0.00018310546875,0.4,0,
perbar_c-45,5,warm,1500,0.16,3.0262,-45.0,859.512,337.374,1646.372,336.9051617454583,367.9721970352606,31.067035289802277,94.21699999999998,34,"runaway (beyond table, T > 620 K)",True,False,0.5330047066574809,1350.0,0.0,90.0,-90.0,180.0,True,0.000274658203125,0.5,0,
perbar_c-45,6,warm,2100,1.83,3.0262,-45.0,43512.703,nan,nan,348.80321520176665,515.0727491167302,166.26953391496352,526.8729999999996,807,"runaway (beyond table, T > 620 K)",True,False,6.0962413323949365,1350.0,0.0,90.0,-90.0,180.0,True,0.00042724609375,11.6,0,
perbar_c-45,7,warm,1600,0.55,3.0262,-45.0,5458.485,5309.416,5716.438,339.4597645228988,392.4837140326206,53.023949509721774,162.79599999999937,309,"runaway (beyond table, T > 620 K)",True,False,1.8322036791350902,1350.0,0.0,90.0,-90.0,180.0,True,0.000457763671875,4.4,0,
perbar_c-45,8,warm,800,6.16,3.0262,-45.0,219.176,213.353,227.815,158.87652364560466,160.0343673654228,1.1578437198181462,-0.05500000000000682,29,equilibrium,True,False,20.520681206313014,962.5940884299794,0.0,0.0,0.0,0.0,True,0.000213623046875,0.5,0,
perbar_c-45,9,warm,1100,0.7,3.0262,-45.0,287.372,219.803,399.27,268.3812407422694,270.45902108314345,2.0777803408740283,-6.44399999999996,7,runaway,True,False,2.3318955916264783,1350.0,0.0,90.0,-7.393,97.393,True,0.0001220703125,0.1,0,
perbar_c-45,10,warm,400,4.83,3.0262,-45.0,155.402,151.725,160.84,78.12938789441408,78.69538920540771,0.5660013109936273,-0.04100000000002524,37,equilibrium,True,False,16.090079582222707,1227.6562287222923,0.0,0.0,0.0,0.0,True,0.00016021728515625,0.5,0,
perbar_c-45,11,warm,900,0.1,3.0262,-45.0,nan,,,,,,nan,4866,runaway (out of range),True,False,0.3331279416609255,1350.0,0.47058823529411764,,,,False,,7200.0,-1,timeout
perbar_c-45,12,warm,1500,2.98,3.0262,-45.0,7337.979,7315.427,7385.842,346.56860352022125,367.8694477261505,21.300844205929252,60.57499999999982,994,"runaway (beyond table, T > 620 K)",True,False,9.927212661495583,1350.0,0.0,90.0,-90.0,180.0,True,0.000335693359375,14.0,0,
perbar_c-45,13,warm,1600,0.16,3.0262,-45.0,3090.677,2539.148,3938.18,337.91207059938654,392.5038060067706,54.59173540738408,167.86900000000014,154,"runaway (beyond table, T > 620 K)",True,False,0.5330047066574809,1350.0,0.0,90.0,-90.0,180.0,True,0.00042724609375,2.1,0,
perbar_c-45,14,warm,900,1.44,3.0262,-45.0,238.575,211.738,280.954,199.79437285874167,201.30142890669103,1.5070560479493622,-0.07600000000002183,29,equilibrium,True,False,4.797042359917326,1350.0,0.0,0.0,0.0,0.0,True,0.000396728515625,0.4,0,
perbar_c-45,15,warm,600,0.43,3.0262,-45.0,185.899,143.585,251.941,121.30389611436557,121.97859781350843,0.674701699142858,-0.08600000000001273,28,equilibrium,True,False,1.43245014914198,1350.0,0.0,0.0,0.0,0.0,True,0.00045013427734375,0.4,0,
perbar_c-45,16,warm,1400,10.0,3.0262,-45.0,440.863,433.33,452.804,337.4782090817719,341.0729087999735,3.594699718201582,3.625,89,runaway,True,False,33.31279416609255,592.9579584728674,0.0,90.0,-90.0,180.0,True,0.0003662109375,2.9,0,
perbar_c-50,1,warm,500,0.7,3.0262,-50.0,168.264,142.198,207.677,99.23810032439198,99.85916550385679,0.6210651794648072,-0.04999999999998295,32,equilibrium,True,False,2.3318955916264783,1350.0,0.0,0.0,0.0,0.0,True,0.0004119873046875,0.4,0,
perbar_c-50,2,warm,1900,7.85,3.0262,-50.0,39791.73,nan,nan,366.7578245834216,465.78998558219905,99.03216099877744,310.25300000000425,1202,"runaway (beyond table, T > 620 K)",True,False,26.15054342038265,755.3604566533344,0.0,90.0,-90.0,180.0,True,0.000457763671875,31.0,0,
perbar_c-50,3,warm,2400,0.21,3.0262,-50.0,18920.333,nan,nan,344.9441425871028,588.7508689562319,243.80672636912908,776.3950000000004,239,"runaway (beyond table, T > 620 K)",True,False,0.6995686774879434,1350.0,0.0,90.0,-90.0,180.0,True,0.000457763671875,3.6,0,
perbar_c-50,4,warm,1200,2.34,3.0262,-50.0,292.736,266.391,332.587,287.286057291835,289.39278868818246,2.1067313963474703,-0.08500000000003638,24,equilibrium,True,False,7.795193834865656,1350.0,0.0,90.0,-90.0,180.0,True,0.000213623046875,0.4,0,
perbar_c-50,5,warm,1500,0.16,3.0262,-50.0,1448.78,923.544,2234.87,342.44388265514544,367.9721970352606,25.528314380115148,74.27199999999993,117,"runaway (beyond table, T > 620 K)",True,False,0.5330047066574809,1350.0,0.0,90.0,-90.0,180.0,True,0.00048828125,1.6,0,
perbar_c-50,6,warm,2100,1.83,3.0262,-50.0,42585.638,nan,nan,353.74090381138694,515.0727491167302,161.33184530534322,510.875,814,"runaway (beyond table, T > 620 K)",True,False,6.0962413323949365,1350.0,0.0,90.0,-90.0,180.0,True,0.0003662109375,11.8,0,
perbar_c-50,7,warm,1600,0.55,3.0262,-50.0,539.617,390.265,796.726,341.31705271015767,392.48370875640853,51.166656046250864,174.40899999999993,13,runaway,True,False,1.8322036791350902,1350.0,0.0,90.0,-90.0,180.0,True,0.000457763671875,0.2,0,
perbar_c-50,8,warm,800,6.16,3.0262,-50.0,215.025,209.215,223.642,158.3256789795752,159.47921312582758,1.1535341462523832,-0.09499999999999886,28,equilibrium,True,False,20.520681206313014,962.5940884299794,0.0,0.0,0.0,0.0,True,0.0002593994140625,0.5,0,
perbar_c-50,9,warm,1100,0.7,3.0262,-50.0,283.034,216.209,393.777,268.1809452279386,270.2325812383947,2.051636010456093,-0.08899999999999864,21,equilibrium,True,False,2.3318955916264783,1350.0,0.0,90.0,-4.272,94.272,True,0.00018310546875,0.3,0,
perbar_c-50,10,warm,400,4.83,3.0262,-50.0,149.17,145.48,154.622,78.13065573857037,78.69538920540771,0.5647334668373389,-0.0700000000000216,38,equilibrium,True,False,16.090079582222707,1227.6562287222923,0.0,0.0,0.0,0.0,True,0.0003509521484375,0.7,0,
perbar_c-50,11,warm,900,0.1,3.0262,-50.0,nan,,,,,,nan,4866,runaway (out of range),True,False,0.3331279416609255,1350.0,0.47058823529411764,,,,False,,7200.0,-1,timeout
perbar_c-50,12,warm,1500,2.98,3.0262,-50.0,5398.828,5375.061,5445.475,350.3193296416176,367.8694477261505,17.55011808453287,48.42900000000009,877,"runaway (beyond table, T > 620 K)",True,False,9.927212661495583,1350.0,0.0,90.0,-90.0,180.0,True,0.000457763671875,12.5,0,
perbar_c-50,13,warm,1600,0.16,3.0262,-50.0,3251.784,2698.619,4097.664,342.94261299374335,392.5038060067706,49.561193013027264,151.56100000000015,180,"runaway (beyond table, T > 620 K)",True,False,0.5330047066574809,1350.0,0.0,90.0,-90.0,180.0,True,0.00030517578125,2.4,0,
perbar_c-50,14,warm,900,1.44,3.0262,-50.0,232.641,206.459,273.919,194.21660816392662,195.72078923327607,1.5041810693494426,-0.043000000000006366,34,equilibrium,True,False,4.797042359917326,1350.0,0.0,0.0,0.0,0.0,True,0.00030517578125,0.4,0,
perbar_c-50,15,warm,600,0.43,3.0262,-50.0,181.736,138.741,248.38,120.98749914890512,121.66033701751036,0.6728378686052423,-0.03700000000000614,31,equilibrium,True,False,1.43245014914198,1350.0,0.0,0.0,0.0,0.0,True,5.340576171875e-05,0.4,0,
perbar_c-50,16,warm,1400,10.0,3.0262,-50.0,405.876,398.074,417.343,336.93470693019964,339.3871312857341,2.452424355534447,0.08799999999996544,53,equilibrium,True,False,33.31279416609255,592.9579584728674,0.0,90.0,-90.0,180.0,True,0.000274658203125,1.7,0,
perbar_c-55,1,warm,500,0.7,3.0262,-55.0,163.349,136.866,203.148,99.15043806080574,99.76655895855588,0.616120897750136,-0.07600000000002183,32,equilibrium,True,False,2.3318955916264783,1350.0,0.0,0.0,0.0,0.0,True,0.00028228759765625,0.4,0,
perbar_c-55,2,warm,1900,7.85,3.0262,-55.0,37125.239,nan,nan,371.320765430284,465.78998558219905,94.46922015191507,295.46800000000076,1174,"runaway (beyond table, T > 620 K)",True,False,26.15054342038265,755.3604566533344,0.0,90.0,-90.0,180.0,True,0.00048828125,30.2,0,
perbar_c-55,3,warm,2400,0.21,3.0262,-55.0,18917.837,nan,nan,349.94394753560067,588.7508689562319,238.80692142063123,760.1949999999997,244,"runaway (beyond table, T > 620 K)",True,False,0.6995686774879434,1350.0,0.0,90.0,-90.0,180.0,True,0.00048828125,3.6,0,
perbar_c-55,4,warm,1200,2.34,3.0262,-55.0,288.412,262.3,327.99,286.69941647601837,288.8006497680951,2.1012332920767562,-0.13500000000004775,23,equilibrium,True,False,7.795193834865656,1350.0,0.0,90.0,-68.344,158.344,True,0.0003662109375,0.3,0,
perbar_c-55,5,warm,1500,0.16,3.0262,-55.0,864.902,339.097,1648.97,346.9075493921618,367.9721970352606,21.064647643098795,60.041000000000054,45,"runaway (beyond table, T > 620 K)",True,False,0.5330047066574809,1350.0,0.0,90.0,-90.0,180.0,True,0.0,0.6,0,
perbar_c-55,6,warm,2100,1.83,3.0262,-55.0,39706.179,nan,nan,358.5380087503651,515.0727491167302,156.53474036636504,495.3359999999957,782,"runaway (beyond table, T > 620 K)",True,False,6.0962413323949365,1350.0,0.0,90.0,-90.0,180.0,True,0.0003662109375,11.2,0,
perbar_c-55,7,warm,1600,0.55,3.0262,-55.0,4984.007,4831.735,5238.756,349.3496116638865,392.4837140326206,43.13410236873409,130.7439999999997,347,"runaway (beyond table, T > 620 K)",True,False,1.8322036791350902,1350.0,0.0,90.0,-90.0,180.0,True,0.000335693359375,4.9,0,
perbar_c-55,8,warm,800,6.16,3.0262,-55.0,210.656,204.847,219.263,157.89269698062856,159.042774078969,1.1500770983404323,-0.04399999999998272,31,equilibrium,True,False,20.520681206313014,962.5940884299794,0.0,0.0,0.0,0.0,True,0.0001983642578125,0.5,0,
perbar_c-55,9,warm,1100,0.7,3.0262,-55.0,278.633,212.542,388.211,267.93659219830454,269.97169152769436,2.0350993293898227,-0.07100000000002638,24,equilibrium,True,False,2.3318955916264783,1350.0,0.0,90.0,-1.542,91.542,True,0.000213623046875,0.3,0,
perbar_c-55,10,warm,400,4.83,3.0262,-55.0,128.499,128.499,128.499,70.459,78.69538920540771,8.236389205407704,-24.575999999999993,19,CO2 condensing,True,False,16.090079582222707,1227.6562287222923,1.0,0.0,0.0,0.0,True,0.0,0.3,0,
perbar_c-55,11,warm,900,0.1,3.0262,-55.0,nan,,,,,,nan,4866,runaway (out of range),True,False,0.3331279416609255,1350.0,0.47058823529411764,,,,False,,7200.1,-1,timeout
perbar_c-55,12,warm,1500,2.98,3.0262,-55.0,4044.074,4019.067,4089.48,354.14723173110315,367.8694477261505,13.72221599504735,36.02500000000009,830,"runaway (beyond table, T > 620 K)",True,False,9.927212661495583,1350.0,0.0,90.0,-90.0,180.0,True,0.000457763671875,11.7,0,
perbar_c-55,13,warm,1600,0.16,3.0262,-55.0,2394.879,1840.197,3239.157,347.75661811458775,392.5038060067706,44.747187892182865,135.97699999999986,137,"runaway (beyond table, T > 620 K)",True,False,0.5330047066574809,1350.0,0.0,90.0,-90.0,180.0,True,0.000335693359375,1.9,0,
perbar_c-55,14,warm,900,1.44,3.0262,-55.0,225.801,200.436,264.9,187.42260028616747,188.7919345432722,1.3693342571047253,-0.054000000000002046,32,equilibrium,True,False,4.797042359917326,1350.0,0.0,0.0,0.0,0.0,True,0.0004425048828125,0.4,0,
perbar_c-55,15,warm,600,0.43,3.0262,-55.0,177.337,133.587,244.684,120.685406911636,121.35532917732871,0.6699222656927191,-0.0730000000000075,30,equilibrium,True,False,1.43245014914198,1350.0,0.0,0.0,0.0,0.0,True,0.00041961669921875,0.4,0,
perbar_c-55,16,warm,1400,10.0,3.0262,-55.0,396.693,388.937,408.102,336.18449773892996,338.6244617682886,2.4399640293586344,0.057999999999992724,46,equilibrium,True,False,33.31279416609255,592.9579584728674,0.0,90.0,-90.0,180.0,True,0.000213623046875,1.5,0,
perbar_c-60,1,warm,500,0.7,3.0262,-60.0,158.108,131.147,198.444,99.1214316381354,99.7387023725292,0.6172707343937986,-0.036000000000001364,36,equilibrium,True,False,2.3318955916264783,1350.0,0.0,0.0,0.0,0.0,True,0.0004730224609375,0.5,0,
perbar_c-60,2,warm,1900,7.85,3.0262,-60.0,34462.995,nan,nan,375.8525944202123,465.78998558219905,89.93739116198674,280.78399999999965,1143,"runaway (beyond table, T > 620 K)",True,False,26.15054342038265,755.3604566533344,0.0,90.0,-90.0,180.0,True,0.00048828125,30.1,0,
perbar_c-60,3,warm,2400,0.21,3.0262,-60.0,21799.842,nan,nan,355.0684586220263,588.7508689562319,233.6824103342056,743.581000000002,288,"runaway (beyond table, T > 620 K)",True,False,0.6995686774879434,1350.0,0.0,90.0,-90.0,180.0,True,0.0003662109375,4.3,0,
perbar_c-60,4,warm,1200,2.34,3.0262,-60.0,284.297,258.398,323.605,286.13029234591477,288.22517928114587,2.094886935231102,-0.08999999999997499,24,equilibrium,True,False,7.795193834865656,1350.0,0.0,90.0,-43.819,133.81900000000002,True,0.000213623046875,0.4,0,
perbar_c-60,5,warm,1500,0.16,3.0262,-60.0,854.627,327.067,1637.121,351.9019361269715,367.9721970352606,16.07026090828907,43.781999999999925,52,"runaway (beyond table, T > 620 K)",True,False,0.5330047066574809,1350.0,0.0,90.0,-90.0,180.0,True,0.000335693359375,0.7,0,
perbar_c-60,6,warm,2100,1.83,3.0262,-60.0,39277.348,nan,nan,363.50648775933274,515.0727491167302,151.56626135739742,479.23599999999715,799,"runaway (beyond table, T > 620 K)",True,False,6.0962413323949365,1350.0,0.0,90.0,-90.0,180.0,True,0.000457763671875,11.5,0,
perbar_c-60,7,warm,1600,0.55,3.0262,-60.0,3898.996,3745.203,4152.217,354.05364500719287,392.4837140326206,38.43006902542771,115.51099999999997,300,"runaway (beyond table, T > 620 K)",True,False,1.8322036791350902,1350.0,0.0,90.0,-90.0,180.0,True,0.00048828125,4.3,0,
perbar_c-60,8,warm,800,6.16,3.0262,-60.0,205.984,200.179,214.586,157.42127966567827,158.57038738490047,1.1491077192222008,-0.05099999999998772,32,equilibrium,True,False,20.520681206313014,962.5940884299794,0.0,0.0,0.0,0.0,True,0.0002288818359375,0.6,0,
perbar_c-60,9,warm,1100,0.7,3.0262,-60.0,274.239,208.836,382.691,267.4197616837072,269.4374111228537,2.01764943914651,-0.09200000000004138,24,equilibrium,True,False,2.3318955916264783,1350.0,0.0,0.0,0.0,0.0,True,0.0001220703125,0.3,0,
perbar_c-60,10,warm,400,4.83,3.0262,-60.0,128.499,128.499,128.499,75.459,78.69538920540771,3.236389205407704,-70.852,13,CO2 condensing,True,False,16.090079582222707,1227.6562287222923,1.0,0.0,0.0,0.0,True,0.0,0.2,0,
perbar_c-60,11,warm,900,0.1,3.0262,-60.0,nan,,,,,,nan,4866,runaway (out of range),True,False,0.3331279416609255,1350.0,0.47058823529411764,,,,False,,7200.1,-1,timeout
perbar_c-60,12,warm,1500,2.98,3.0262,-60.0,2757.06,2730.935,2801.347,357.6004070098231,367.8694477261505,10.269040716327424,24.83699999999999,744,"runaway (beyond table, T > 620 K)",True,False,9.927212661495583,1350.0,0.0,90.0,-90.0,180.0,True,0.000457763671875,10.6,0,
perbar_c-60,13,warm,1600,0.16,3.0262,-60.0,900.488,346.304,1741.884,351.9488001166486,392.5038060067706,40.555005890122004,126.019,30,"runaway (beyond table, T > 620 K)",True,False,0.5330047066574809,1350.0,0.0,90.0,-90.0,180.0,True,9.1552734375e-05,0.4,0,
perbar_c-60,14,warm,900,1.44,3.0262,-60.0,221.631,196.472,259.984,185.4194249042624,186.68934159767767,1.2699166934152686,-0.18700000000001182,26,equilibrium,True,False,4.797042359917326,1350.0,0.0,0.0,0.0,0.0,True,0.0003662109375,0.3,0,
perbar_c-60,15,warm,600,0.43,3.0262,-60.0,172.687,128.11,240.816,120.4157387056762,121.08333435559145,0.667595649915242,-0.07999999999998408,31,equilibrium,True,False,1.43245014914198,1350.0,0.0,0.0,0.0,0.0,True,0.0004730224609375,0.4,0,
perbar_c-60,16,warm,1400,10.0,3.0262,-60.0,389.233,381.504,400.607,335.42734743982766,337.86304269174354,2.435695251915888,0.08800000000002228,42,equilibrium,True,False,33.31279416609255,592.9579584728674,0.0,90.0,-90.0,180.0,True,0.000274658203125,1.4,0,
diffadj_c-30,1,warm,500,0.7,0.07971,-30.0,186.54,181.282,194.318,99.05139882625896,99.74589882771583,0.6945000014568734,-0.08799999999999386,25,equilibrium,True,True,13.811580272446673,1350.0,0.0,0.0,0.0,0.0,True,0.00043487548828125,0.4,0,
diffadj_c-30,2,warm,1900,7.85,0.07971,-30.0,22348.546,nan,nan,343.1461830127019,465.78998558219905,122.64380256949715,386.8169999999991,545,"runaway (beyond table, T > 620 K)",True,True,154.8870073410091,127.53223629831928,0.0,90.0,-90.0,180.0,True,0.00048828125,89.1,0,
diffadj_c-30,3,warm,2400,0.21,0.07971,-30.0,23799.803,nan,nan,325.1460377498131,588.7508689562319,263.6048312064188,840.530999999999,279,"runaway (beyond table, T > 620 K)",True,True,4.143474081734001,1350.0,0.0,90.0,-90.0,180.0,True,0.0003662109375,4.5,0,
diffadj_c-30,4,warm,1200,2.34,0.07971,-30.0,307.568,302.769,314.607,286.7527298683538,288.8207360540619,2.0680061857081,-0.07300000000003593,33,equilibrium,True,True,46.17013976789316,427.83250211188306,0.0,90.0,-90.0,180.0,True,0.000213623046875,1.8,0,
diffadj_c-30,5,warm,1500,0.16,0.07971,-30.0,2619.075,2542.885,2764.361,322.81834684030235,367.9721970352606,45.15385019495824,137.85500000000002,165,"runaway (beyond table, T > 620 K)",True,True,3.156932633702098,1350.0,0.0,90.0,-90.0,180.0,True,0.000335693359375,2.8,0,
diffadj_c-30,6,warm,2100,1.83,0.07971,-30.0,29676.494,nan,nan,332.69741317591115,515.0727491167302,182.375335940819,579.1339999999982,500,"runaway (beyond table, T > 620 K)",True,True,36.107416997967725,547.064510897162,0.0,90.0,-90.0,180.0,True,0.00042724609375,19.8,0,
diffadj_c-30,7,warm,1600,0.55,0.07971,-30.0,8468.261,8461.305,8530.029,324.9900377498131,392.4837140326206,67.49367628280748,209.66500000000087,383,"runaway (beyond table, T > 620 K)",True,True,10.851955928350959,1350.0,0.0,90.0,-90.0,180.0,True,0.0003662109375,5.8,0,
diffadj_c-30,8,warm,800,6.16,0.07971,-30.0,230.525,229.505,232.025,159.966060281908,161.1385724973503,1.1725122154423104,-0.11199999999999477,26,equilibrium,True,True,121.54190639753078,162.52078813990354,0.0,0.0,0.0,0.0,True,4.57763671875e-05,3.0,0,
diffadj_c-30,9,warm,1100,0.7,0.07971,-30.0,274.146,260.459,294.586,262.9448009992822,264.81337838127297,1.8685773819907467,-0.07699999999999818,22,equilibrium,True,True,13.811580272446673,1350.0,0.0,90.0,-42.818,132.81799999999998,True,0.0003662109375,0.4,0,
diffadj_c-30,10,warm,400,4.83,0.07971,-30.0,170.685,170.049,171.619,78.12530646335819,78.69538920540771,0.5700827420495216,-0.1279999999999859,28,equilibrium,True,True,95.29990387988208,207.27288922190598,0.0,0.0,0.0,0.0,True,0.00019073486328125,2.4,0,
diffadj_c-30,11,warm,900,0.1,0.07971,-30.0,248.753,194.188,343.103,214.33006892138164,215.92510782319678,1.595038901815144,-0.05500000000000682,27,equilibrium,True,True,1.9730828960638105,1350.0,0.0,0.0,0.0,0.0,True,0.0001983642578125,0.4,0,
diffadj_c-30,12,warm,1500,2.98,0.07971,-30.0,7686.492,7692.514,7704.403,331.7604459677068,367.8694477261505,36.109001758443696,108.61999999999989,619,"runaway (beyond table, T > 620 K)",True,True,58.797870302701575,335.9490117254382,0.0,90.0,-90.0,180.0,True,0.000335693359375,37.5,0,
diffadj_c-30,13,warm,1600,0.16,0.07971,-30.0,5304.628,5230.193,5466.438,323.23956349699597,392.5038060067706,69.26424250977465,215.39199999999983,230,"runaway (beyond table, T > 620 K)",True,True,3.156932633702098,1350.0,0.0,90.0,-90.0,180.0,True,0.000244140625,3.8,0,
diffadj_c-30,14,warm,900,1.44,0.07971,-30.0,239.385,234.502,246.587,184.97348738821503,186.29224994092837,1.3187625527133378,-0.08500000000000796,24,equilibrium,True,True,28.412393703318866,695.22781593181,0.0,0.0,0.0,0.0,True,3.0517578125e-05,0.8,0,
diffadj_c-30,15,warm,600,0.43,0.07971,-30.0,199.586,189.696,214.393,119.67933189471673,120.51216555917748,0.8328336644607504,-0.09699999999997999,24,equilibrium,True,True,8.484256453074389,1350.0,0.0,0.0,0.0,0.0,True,0.0002899169921875,0.4,0,
diffadj_c-30,16,warm,1400,10.0,0.07971,-30.0,2112.533,2114.98,2118.285,329.02333954486426,343.1617460785918,14.138406533727562,38.090999999999894,364,"runaway (beyond table, T > 620 K)",True,True,197.30828960638104,100.11280549418063,0.0,90.0,-90.0,180.0,True,0.0003662109375,70.2,0,
diffadj_c-35,1,warm,500,0.7,0.07971,-35.0,183.112,177.841,190.906,99.04571538730252,99.74125481042779,0.6955394231252683,-0.11400000000000432,25,equilibrium,True,True,13.811580272446673,1350.0,0.0,0.0,0.0,0.0,True,0.00017547607421875,0.3,0,
diffadj_c-35,2,warm,1900,7.85,0.07971,-35.0,22802.334,nan,nan,348.2707879878501,465.78998558219905,117.51919759434895,370.2000000000007,580,"runaway (beyond table, T > 620 K)",True,True,154.8870073410091,127.53223629831928,0.0,90.0,-90.0,180.0,True,0.000457763671875,90.7,0,
diffadj_c-35,3,warm,2400,0.21,0.07971,-35.0,24669.275,nan,nan,330.17743396507655,588.7508689562319,258.57343499115535,824.2260000000024,295,"runaway (beyond table, T > 620 K)",True,True,4.143474081734001,1350.0,0.0,90.0,-90.0,180.0,True,0.000396728515625,4.9,0,
diffadj_c-35,4,warm,1200,2.34,0.07971,-35.0,299.468,294.704,306.467,285.60812589671986,287.6736517083119,2.0655258115920674,-0.08499999999997954,31,equilibrium,True,True,46.17013976789316,427.83250211188306,0.0,90.0,-90.0,180.0,True,0.000213623046875,1.9,0,
diffadj_c-35,5,warm,1500,0.16,0.07971,-35.0,2125.385,2047.617,2269.091,327.6938597953072,367.9721970352606,40.27833723995337,122.06300000000033,146,"runaway (beyond table, T > 620 K)",True,True,3.156932633702098,1350.0,0.0,90.0,-90.0,180.0,True,0.0003662109375,2.4,0,
diffadj_c-35,6,warm,2100,1.83,0.07971,-35.0,32367.324,nan,nan,337.947765430284,515.0727491167302,177.12498368644617,562.1100000000006,562,"runaway (beyond table, T > 620 K)",True,True,36.107416997967725,547.064510897162,0.0,90.0,-90.0,180.0,True,0.000457763671875,21.1,0,
diffadj_c-35,7,warm,1600,0.55,0.07971,-35.0,7936.744,7928.193,7996.917,329.9115009162046,392.4837140326206,62.57221311641598,193.71900000000005,387,"runaway (beyond table, T > 620 K)",True,True,10.851955928350959,1350.0,0.0,90.0,-90.0,180.0,True,0.000335693359375,6.0,0,
diffadj_c-35,8,warm,800,6.16,0.07971,-35.0,226.659,225.643,228.154,159.33218240072185,160.50008295257422,1.1679005518523695,-0.12700000000000955,26,equilibrium,True,True,121.54190639753078,162.52078813990354,0.0,0.0,0.0,0.0,True,0.0001373291015625,3.1,0,
diffadj_c-35,9,warm,1100,0.7,0.07971,-35.0,271.366,257.728,291.732,262.45784214101957,264.31791672454625,1.860074583526682,-0.42200000000002547,19,equilibrium,True,True,13.811580272446673,1350.0,0.0,90.0,-25.109,115.10900000000001,True,0.00030517578125,0.3,0,
diffadj_c-35,10,warm,400,4.83,0.07971,-35.0,166.067,165.431,167.002,78.12511479316024,78.69538920540771,0.5702744122474712,-0.10200000000000387,30,equilibrium,True,True,95.29990387988208,207.27288922190598,0.0,0.0,0.0,0.0,True,0.00038909912109375,2.7,0,
diffadj_c-35,11,warm,900,0.1,0.07971,-35.0,244.603,190.72,337.56,212.9881913528711,214.55894055866347,1.5707492057923673,-0.04999999999998295,30,equilibrium,True,True,1.9730828960638105,1350.0,0.0,0.0,0.0,0.0,True,0.0004730224609375,0.5,0,
diffadj_c-35,12,warm,1500,2.98,0.07971,-35.0,5321.296,5326.184,5338.072,335.2642877498131,367.8694477261505,32.605159976337404,97.29800000000068,467,"runaway (beyond table, T > 620 K)",True,True,58.797870302701575,335.9490117254382,0.0,90.0,-90.0,180.0,True,0.000396728515625,27.5,0,
diffadj_c-35,13,warm,1600,0.16,0.07971,-35.0,3679.415,3603.432,3839.675,328.02158652340347,392.5038060067706,64.48221948336715,199.913,167,"runaway (beyond table, T > 620 K)",True,True,3.156932633702098,1350.0,0.0,90.0,-90.0,180.0,True,0.0003662109375,2.5,0,
diffadj_c-35,14,warm,900,1.44,0.07971,-35.0,236.38,231.511,243.559,184.3447143259612,185.65894312233732,1.3142287963761135,-0.23699999999999477,22,equilibrium,True,True,28.412393703318866,695.22781593181,0.0,0.0,0.0,0.0,True,0.0002288818359375,0.5,0,
diffadj_c-35,15,warm,600,0.43,0.07971,-35.0,196.315,186.433,211.104,119.40583377080976,120.23721731018946,0.8313835393797007,-0.12000000000000455,24,equilibrium,True,True,8.484256453074389,1350.0,0.0,0.0,0.0,0.0,True,0.00049591064453125,0.3,0,
diffadj_c-35,16,warm,1400,10.0,0.07971,-35.0,543.643,547.001,550.303,325.89102489498674,342.83117825293795,16.940153357951203,45.911,43,runaway,True,True,197.30828960638104,100.11280549418063,0.0,90.0,-90.0,180.0,True,0.000244140625,8.5,0,
diffadj_c-40,1,warm,500,0.7,0.07971,-40.0,179.439,174.151,187.247,99.04008057841568,99.7359270661002,0.6958464876845198,-0.04400000000001114,28,equilibrium,True,True,13.811580272446673,1350.0,0.0,0.0,0.0,0.0,True,0.0001373291015625,0.4,0,
diffadj_c-40,2,warm,1900,7.85,0.07971,-40.0,19415.588,nan,nan,352.27084961626684,465.78998558219905,113.51913596593221,357.2659999999996,510,"runaway (beyond table, T > 620 K)",True,True,154.8870073410091,127.53223629831928,0.0,90.0,-90.0,180.0,True,0.00048828125,81.2,0,
diffadj_c-40,3,warm,2400,0.21,0.07971,-40.0,22173.747,nan,nan,335.08393396507654,588.7508689562319,253.66693499115536,808.3349999999991,270,"runaway (beyond table, T > 620 K)",True,True,4.143474081734001,1350.0,0.0,90.0,-90.0,180.0,True,0.000396728515625,4.1,0,
diffadj_c-40,4,warm,1200,2.34,0.07971,-40.0,293.697,288.958,300.663,284.81964778870264,286.8780317938715,2.0583840051688753,-0.09499999999997044,28,equilibrium,True,True,46.17013976789316,427.83250211188306,0.0,90.0,-90.0,180.0,True,0.000213623046875,1.5,0,
diffadj_c-40,5,warm,1500,0.16,0.07971,-40.0,2180.144,2100.751,2322.225,332.7085970031292,367.9721970352606,35.263600032131365,105.80499999999984,173,"runaway (beyond table, T > 620 K)",True,True,3.156932633702098,1350.0,0.0,90.0,-90.0,180.0,True,0.0003662109375,2.5,0,
diffadj_c-40,6,warm,2100,1.83,0.07971,-40.0,30980.28,nan,nan,342.8211459772265,515.0727491167302,172.2516031395037,546.3199999999997,553,"runaway (beyond table, T > 620 K)",True,True,36.107416997967725,547.064510897162,0.0,90.0,-90.0,180.0,True,0.000396728515625,20.0,0,
diffadj_c-40,7,warm,1600,0.55,0.07971,-40.0,6538.965,6528.87,6597.593,334.6779955934933,392.4837140326206,57.805718439127304,178.28300000000036,343,"runaway (beyond table, T > 620 K)",True,True,10.851955928350959,1350.0,0.0,90.0,-90.0,180.0,True,0.000396728515625,5.1,0,
diffadj_c-40,8,warm,800,6.16,0.07971,-40.0,222.803,221.791,224.293,158.76836045540625,159.93273479975446,1.1643743443482037,-0.13400000000001455,26,equilibrium,True,True,121.54190639753078,162.52078813990354,0.0,0.0,0.0,0.0,True,0.0001373291015625,2.8,0,
diffadj_c-40,9,warm,1100,0.7,0.07971,-40.0,268.49,254.905,288.797,261.6093636085506,263.4668751702253,1.8575115616746984,-0.09399999999999409,22,equilibrium,True,True,13.811580272446673,1350.0,0.0,90.0,-12.008,102.008,True,0.000152587890625,0.3,0,
diffadj_c-40,10,warm,400,4.83,0.07971,-40.0,161.03,160.393,161.964,78.12563573784304,78.69538920540771,0.5697534675646665,-0.09100000000000819,32,equilibrium,True,True,95.29990387988208,207.27288922190598,0.0,0.0,0.0,0.0,True,0.0001220703125,2.6,0,
diffadj_c-40,11,warm,900,0.1,0.07971,-40.0,240.493,187.206,332.141,211.52974313607646,213.07466398179693,1.544920845720469,-0.10099999999999909,27,equilibrium,True,True,1.9730828960638105,1350.0,0.0,0.0,0.0,0.0,True,0.0003204345703125,0.4,0,
diffadj_c-40,12,warm,1500,2.98,0.07971,-40.0,5080.045,5083.373,5095.261,340.0749576056432,367.8694477261505,27.794490120507305,81.69200000000001,521,"runaway (beyond table, T > 620 K)",True,True,58.797870302701575,335.9490117254382,0.0,90.0,-90.0,180.0,True,0.0003662109375,30.9,0,
diffadj_c-40,13,warm,1600,0.16,0.07971,-40.0,3228.994,3151.417,3387.659,332.9436380804176,392.5038060067706,59.56016792635302,183.96900000000005,157,"runaway (beyond table, T > 620 K)",True,True,3.156932633702098,1350.0,0.0,90.0,-90.0,180.0,True,0.00042724609375,2.1,0,
diffadj_c-40,14,warm,900,1.44,0.07971,-40.0,233.357,228.502,240.515,183.7460517954386,185.0548488541034,1.3087970586647941,-0.40500000000000114,21,equilibrium,True,True,28.412393703318866,695.22781593181,0.0,0.0,0.0,0.0,True,0.000335693359375,0.5,0,
diffadj_c-40,15,warm,600,0.43,0.07971,-40.0,192.933,183.054,207.691,119.13345814167741,119.96153454898459,0.8280764073071794,-0.08799999999999386,25,equilibrium,True,True,8.484256453074389,1350.0,0.0,0.0,0.0,0.0,True,0.0001678466796875,0.3,0,
diffadj_c-40,16,warm,1400,10.0,0.07971,-40.0,966.883,967.628,970.933,334.2761058913528,343.1617460785918,8.885640187239005,21.11200000000008,234,"runaway (beyond table, T > 620 K)",True,True,197.30828960638104,100.11280549418063,0.0,90.0,-90.0,180.0,True,0.00048828125,44.6,0,
diffadj_c-45,1,warm,500,0.7,0.07971,-45.0,175.544,170.236,183.374,99.03549501546064,99.73140681565721,0.6959118001965692,-0.0660000000000025,28,equilibrium,True,True,13.811580272446673,1350.0,0.0,0.0,0.0,0.0,True,0.00022125244140625,0.4,0,
diffadj_c-45,2,warm,1900,7.85,0.07971,-45.0,19038.605,nan,nan,357.1486169777785,465.78998558219905,108.64136860442056,341.4549999999981,522,"runaway (beyond table, T > 620 K)",True,True,154.8870073410091,127.53223629831928,0.0,90.0,-90.0,180.0,True,0.000457763671875,81.4,0,
diffadj_c-45,3,warm,2400,0.21,0.07971,-45.0,23798.218,nan,nan,340.1460377498131,588.7508689562319,248.6048312064188,791.9279999999999,296,"runaway (beyond table, T > 620 K)",True,True,4.143474081734001,1350.0,0.0,90.0,-90.0,180.0,True,0.000335693359375,4.7,0,
diffadj_c-45,4,warm,1200,2.34,0.07971,-45.0,289.337,284.623,296.278,284.2323897422667,286.29018694777744,2.057797205510724,-0.05000000000001137,27,equilibrium,True,True,46.17013976789316,427.83250211188306,0.0,90.0,-90.0,180.0,True,6.103515625e-05,1.4,0,
diffadj_c-45,5,warm,1500,0.16,0.07971,-45.0,1861.73,1780.748,2002.22,337.6142308148986,367.9721970352606,30.357966220362016,89.91100000000006,168,"runaway (beyond table, T > 620 K)",True,True,3.156932633702098,1350.0,0.0,90.0,-90.0,180.0,True,0.000396728515625,2.4,0,
diffadj_c-45,6,warm,2100,1.83,0.07971,-45.0,26064.174,nan,nan,347.32286697777846,515.0727491167302,167.7498821389517,531.75,477,"runaway (beyond table, T > 620 K)",True,True,36.107416997967725,547.064510897162,0.0,90.0,-90.0,180.0,True,0.00042724609375,18.6,0,
diffadj_c-45,7,warm,1600,0.55,0.07971,-45.0,5897.655,5885.98,5954.704,339.5531839650765,392.4837140326206,52.930530067544055,162.48700000000008,337,"runaway (beyond table, T > 620 K)",True,True,10.851955928350959,1350.0,0.0,90.0,-90.0,180.0,True,0.0003662109375,4.9,0,
diffadj_c-45,8,warm,800,6.16,0.07971,-45.0,218.833,217.823,220.318,158.20983456705994,159.36919138566014,1.1593568186002017,-0.17500000000001137,26,equilibrium,True,True,121.54190639753078,162.52078813990354,0.0,0.0,0.0,0.0,True,0.0001678466796875,2.8,0,
diffadj_c-45,9,warm,1100,0.7,0.07971,-45.0,265.375,251.865,285.621,260.1656652010137,262.02520254086664,1.8595373398529205,-0.10300000000000864,23,equilibrium,True,True,13.811580272446673,1350.0,0.0,90.0,-0.541,90.541,True,0.00018310546875,0.3,0,
diffadj_c-45,10,warm,400,4.83,0.07971,-45.0,155.472,154.834,156.406,78.12780933967119,78.69538920540771,0.5675798657365192,-0.125,33,equilibrium,True,True,95.29990387988208,207.27288922190598,0.0,0.0,0.0,0.0,True,0.00040435791015625,3.4,0,
diffadj_c-45,11,warm,900,0.1,0.07971,-45.0,235.901,183.334,326.112,209.16327102886405,210.6834631374273,1.5201921085632648,-0.060000000000002274,28,equilibrium,True,True,1.9730828960638105,1350.0,0.0,0.0,0.0,0.0,True,3.0517578125e-05,0.4,0,
diffadj_c-45,12,warm,1500,2.98,0.07971,-45.0,4158.243,4160.214,4172.103,344.2630455839736,367.8694477261505,23.606402142176876,68.12100000000055,496,"runaway (beyond table, T > 620 K)",True,True,58.797870302701575,335.9490117254382,0.0,90.0,-90.0,180.0,True,0.0003662109375,30.1,0,
diffadj_c-45,13,warm,1600,0.16,0.07971,-45.0,3146.55,3067.358,3303.6,337.928007696302,392.5038060067706,54.5757983104686,167.81500000000005,167,"runaway (beyond table, T > 620 K)",True,True,3.156932633702098,1350.0,0.0,90.0,-90.0,180.0,True,0.00042724609375,2.7,0,
diffadj_c-45,14,warm,900,1.44,0.07971,-45.0,230.264,225.421,237.404,183.16300392749565,184.46912129228411,1.306117364788463,-0.09000000000000341,24,equilibrium,True,True,28.412393703318866,695.22781593181,0.0,0.0,0.0,0.0,True,0.0002593994140625,0.7,0,
diffadj_c-45,15,warm,600,0.43,0.07971,-45.0,189.546,179.663,204.283,118.94164632049797,119.76545702863122,0.8238107081332515,-0.09399999999999409,25,equilibrium,True,True,8.484256453074389,1350.0,0.0,0.0,0.0,0.0,True,0.00038909912109375,0.4,0,
diffadj_c-45,16,warm,1400,10.0,0.07971,-45.0,431.726,430.662,433.945,337.2734544623759,340.54578554909745,3.272331086721522,2.6890000000000214,83,runaway,True,True,197.30828960638104,100.11280549418063,0.0,90.0,-90.0,180.0,True,0.00042724609375,16.9,0,
diffadj_c-50,1,warm,500,0.7,0.07971,-50.0,171.347,166.02,179.202,99.03201822626582,99.72977853107508,0.6977603048092647,-0.03499999999999659,31,equilibrium,True,True,13.811580272446673,1350.0,0.0,0.0,0.0,0.0,True,0.0001373291015625,0.4,0,
diffadj_c-50,2,warm,1900,7.85,0.07971,-50.0,16534.97,nan,nan,361.274765430284,465.78998558219905,104.51522015191506,328.108000000002,470,"runaway (beyond table, T > 620 K)",True,True,154.8870073410091,127.53223629831928,0.0,90.0,-90.0,180.0,True,0.00048828125,72.0,0,
diffadj_c-50,3,warm,2400,0.21,0.07971,-50.0,19596.83,nan,nan,344.9752328013153,588.7508689562319,243.77563615491658,776.2920000000013,248,"runaway (beyond table, T > 620 K)",True,True,4.143474081734001,1350.0,0.0,90.0,-90.0,180.0,True,0.000335693359375,3.8,0,
diffadj_c-50,4,warm,1200,2.34,0.07971,-50.0,285.493,280.795,292.408,283.7301088875399,285.7797509355803,2.0496420480403685,-0.17000000000001592,23,equilibrium,True,True,46.17013976789316,427.83250211188306,0.0,90.0,-90.0,180.0,True,0.000244140625,1.2,0,
diffadj_c-50,5,warm,1500,0.16,0.07971,-50.0,1293.218,1210.688,1432.156,342.39720025637604,367.9721970352606,25.574996778884554,74.42600000000016,127,"runaway (beyond table, T > 620 K)",True,True,3.156932633702098,1350.0,0.0,90.0,-90.0,180.0,True,0.00048828125,1.9,0,
diffadj_c-50,6,warm,2100,1.83,0.07971,-50.0,27211.731,nan,nan,352.44684442021236,515.0727491167302,162.6259046965178,515.1389999999992,514,"runaway (beyond table, T > 620 K)",True,True,36.107416997967725,547.064510897162,0.0,90.0,-90.0,180.0,True,0.000396728515625,18.6,0,
diffadj_c-50,7,warm,1600,0.55,0.07971,-50.0,5114.847,5101.609,5170.332,344.38156790350274,392.4837140326206,48.10214612911784,146.84599999999955,320,"runaway (beyond table, T > 620 K)",True,True,10.851955928350959,1350.0,0.0,90.0,-90.0,180.0,True,0.000335693359375,4.7,0,
diffadj_c-50,8,warm,800,6.16,0.07971,-50.0,214.721,213.713,216.203,157.8702362838983,159.0271773646947,1.1569410807964005,-0.1910000000000025,26,equilibrium,True,True,121.54190639753078,162.52078813990354,0.0,0.0,0.0,0.0,True,0.000152587890625,2.8,0,
diffadj_c-50,9,warm,1100,0.7,0.07971,-50.0,261.559,248.187,281.709,257.15963675964446,259.02989962790787,1.87026286826341,-0.04800000000000182,27,equilibrium,True,True,13.811580272446673,1350.0,0.0,0.0,0.0,0.0,True,0.000244140625,0.4,0,
diffadj_c-50,10,warm,400,4.83,0.07971,-50.0,149.24,148.602,150.175,78.1271787463792,78.69538920540771,0.5682104590285064,-0.08899999999999864,37,equilibrium,True,True,95.29990387988208,207.27288922190598,0.0,0.0,0.0,0.0,True,0.000396728515625,3.0,0,
diffadj_c-50,11,warm,900,0.1,0.07971,-50.0,232.497,180.102,321.837,208.68872850657957,210.1820905747127,1.4933620681331377,-0.1279999999999859,25,equilibrium,True,True,1.9730828960638105,1350.0,0.0,0.0,0.0,0.0,True,0.0002899169921875,0.3,0,
diffadj_c-50,12,warm,1500,2.98,0.07971,-50.0,3507.45,3508.023,3519.912,348.57421635600826,367.8694477261505,19.295231370142233,54.14399999999978,506,"runaway (beyond table, T > 620 K)",True,True,58.797870302701575,335.9490117254382,0.0,90.0,-90.0,180.0,True,0.000335693359375,29.8,0,
diffadj_c-50,13,warm,1600,0.16,0.07971,-50.0,2759.139,2678.353,2914.594,342.849755058196,392.5038060067706,49.65405094857459,151.8710000000001,159,"runaway (beyond table, T > 620 K)",True,True,3.156932633702098,1350.0,0.0,90.0,-90.0,180.0,True,0.00042724609375,2.2,0,
diffadj_c-50,14,warm,900,1.44,0.07971,-50.0,227.121,222.29,234.243,182.5795857307867,183.88198818229054,1.3024024515038377,-0.09600000000000364,24,equilibrium,True,True,28.412393703318866,695.22781593181,0.0,0.0,0.0,0.0,True,4.57763671875e-05,0.6,0,
diffadj_c-50,15,warm,600,0.43,0.07971,-50.0,186.132,176.221,200.873,118.8441376809841,119.66287668661352,0.8187390056294106,-0.06399999999999295,26,equilibrium,True,True,8.484256453074389,1350.0,0.0,0.0,0.0,0.0,True,0.0003662109375,0.3,0,
diffadj_c-50,16,warm,1400,10.0,0.07971,-50.0,404.148,402.835,406.1,336.39145643740807,338.86049517669215,2.4690387392840876,0.27800000000002,44,equilibrium,True,True,197.30828960638104,100.11280549418063,0.0,90.0,-90.0,180.0,True,0.000244140625,8.6,0,
diffadj_c-55,1,warm,500,0.7,0.07971,-55.0,166.792,161.447,174.669,99.03160527747337,99.72977853107508,0.6981732536017091,-0.043000000000006366,32,equilibrium,True,True,13.811580272446673,1350.0,0.0,0.0,0.0,0.0,True,0.00037384033203125,0.4,0,
diffadj_c-55,2,warm,1900,7.85,0.07971,-55.0,16530.389,nan,nan,366.2724801632093,465.78998558219905,99.51750541898974,311.90399999999863,493,"runaway (beyond table, T > 620 K)",True,True,154.8870073410091,127.53223629831928,0.0,90.0,-90.0,180.0,True,0.00048828125,75.7,0,
diffadj_c-55,3,warm,2400,0.21,0.07971,-55.0,21021.564,nan,nan,350.03686697777846,588.7508689562319,238.71400197845344,759.8869999999988,272,"runaway (beyond table, T > 620 K)",True,True,4.143474081734001,1350.0,0.0,90.0,-90.0,180.0,True,0.00048828125,4.2,0,
diffadj_c-55,4,warm,1200,2.34,0.07971,-55.0,282.027,277.342,288.925,283.28462256706405,285.32978848634536,2.0451659192813167,-0.2880000000000109,21,equilibrium,True,True,46.17013976789316,427.83250211188306,0.0,90.0,-90.0,180.0,True,0.000335693359375,1.1,0,
diffadj_c-55,5,warm,1500,0.16,0.07971,-55.0,995.748,911.652,1133.115,347.2409938339119,367.9721970352606,20.731203201348706,58.73300000000006,110,"runaway (beyond table, T > 620 K)",True,True,3.156932633702098,1350.0,0.0,90.0,-90.0,180.0,True,0.000396728515625,1.7,0,
diffadj_c-55,6,warm,2100,1.83,0.07971,-55.0,28737.859,nan,nan,357.60386697777847,515.0727491167302,157.4688821389517,498.4200000000019,561,"runaway (beyond table, T > 620 K)",True,True,36.107416997967725,547.064510897162,0.0,90.0,-90.0,180.0,True,0.00042724609375,20.6,0,
diffadj_c-55,7,warm,1600,0.55,0.07971,-55.0,4792.674,4777.84,4846.564,349.3028547371112,392.4837140326206,43.18085929550938,130.89800000000014,334,"runaway (beyond table, T > 620 K)",True,True,10.851955928350959,1350.0,0.0,90.0,-90.0,180.0,True,0.000457763671875,4.8,0,
diffadj_c-55,8,warm,800,6.16,0.07971,-55.0,210.6,209.594,212.079,157.5330975966363,158.68823306173644,1.1551354651001304,-0.14500000000001023,27,equilibrium,True,True,121.54190639753078,162.52078813990354,0.0,0.0,0.0,0.0,True,0.0002288818359375,2.9,0,
diffadj_c-55,9,warm,1100,0.7,0.07971,-55.0,254.031,241.197,273.646,246.16492626087822,248.07070544905767,1.9057791881794515,-0.01999999999998181,45,equilibrium,True,True,13.811580272446673,1350.0,0.0,0.0,0.0,0.0,True,0.000244140625,0.6,0,
diffadj_c-55,10,warm,400,4.83,0.07971,-55.0,142.125,141.484,143.058,78.13362914945328,78.69538920540771,0.5617600559544229,-0.15799999999998704,38,equilibrium,True,True,95.29990387988208,207.27288922190598,0.0,0.0,0.0,0.0,True,0.00048065185546875,3.1,0,
diffadj_c-55,11,warm,900,0.1,0.07971,-55.0,228.105,176.247,316.119,206.4660152161656,207.9300551608549,1.46403994468929,-0.09000000000000341,28,equilibrium,True,True,1.9730828960638105,1350.0,0.0,0.0,0.0,0.0,True,0.00030517578125,0.4,0,
diffadj_c-55,12,warm,1500,2.98,0.07971,-55.0,2455.973,2455.392,2467.281,352.1383848908008,367.8694477261505,15.73106283534969,42.60699999999997,422,"runaway (beyond table, T > 620 K)",True,True,58.797870302701575,335.9490117254382,0.0,90.0,-90.0,180.0,True,0.0003662109375,23.9,0,
diffadj_c-55,13,warm,1600,0.16,0.07971,-55.0,2831.977,2749.565,2985.807,347.86473558609913,392.5038060067706,44.63907042067149,135.61400000000003,183,"runaway (beyond table, T > 620 K)",True,True,3.156932633702098,1350.0,0.0,90.0,-90.0,180.0,True,0.0003662109375,2.6,0,
diffadj_c-55,14,warm,900,1.44,0.07971,-55.0,223.946,219.127,231.05,182.0217865162071,183.32024231839597,1.2984558021888688,-0.10499999999998977,24,equilibrium,True,True,28.412393703318866,695.22781593181,0.0,0.0,0.0,0.0,True,0.000152587890625,0.6,0,
diffadj_c-55,15,warm,600,0.43,0.07971,-55.0,182.639,172.68,197.427,118.83434282657137,119.6519073033419,0.8175644767705279,-0.12399999999999523,25,equilibrium,True,True,8.484256453074389,1350.0,0.0,0.0,0.0,0.0,True,0.00017547607421875,0.3,0,
diffadj_c-55,16,warm,1400,10.0,0.07971,-55.0,395.507,394.192,397.449,335.57579612398644,338.0236695720894,2.447873448102939,0.21500000000003183,38,equilibrium,True,True,197.30828960638104,100.11280549418063,0.0,90.0,-90.0,180.0,True,0.000244140625,7.4,0,
diffadj_c-60,1,warm,500,0.7,0.07971,-60.0,161.831,156.467,169.73,99.03153765230947,99.72977853107508,0.6982408787656169,-0.05700000000001637,33,equilibrium,True,True,13.811580272446673,1350.0,0.0,0.0,0.0,0.0,True,0.000244140625,0.4,0,
diffadj_c-60,2,warm,1900,7.85,0.07971,-60.0,14644.979,nan,nan,370.5236786061952,465.78998558219905,95.26630697600388,298.146999999999,455,"runaway (beyond table, T > 620 K)",True,True,154.8870073410091,127.53223629831928,0.0,90.0,-90.0,180.0,True,0.00048828125,71.6,0,
diffadj_c-60,3,warm,2400,0.21,0.07971,-60.0,20658.052,nan,nan,355.02140357334997,588.7508689562319,233.72946538288193,743.7360000000008,273,"runaway (beyond table, T > 620 K)",True,True,4.143474081734001,1350.0,0.0,90.0,-90.0,180.0,True,0.000335693359375,4.2,0,
diffadj_c-60,4,warm,1200,2.34,0.07971,-60.0,278.81,274.138,285.694,282.8723120202717,284.91535406848504,2.0430420482133513,-0.23399999999998045,21,equilibrium,True,True,46.17013976789316,427.83250211188306,0.0,90.0,-90.0,180.0,True,9.1552734375e-05,1.1,0,
diffadj_c-60,5,warm,1500,0.16,0.07971,-60.0,728.198,642.546,864.002,352.0535073404276,367.9721970352606,15.918689694833006,43.14099999999996,87,"runaway (beyond table, T > 620 K)",True,True,3.156932633702098,1350.0,0.0,90.0,-90.0,180.0,True,0.000396728515625,1.4,0,
diffadj_c-60,6,warm,2100,1.83,0.07971,-60.0,25238.024,nan,nan,362.2294748043279,515.0727491167302,152.8432743124023,483.44200000000274,507,"runaway (beyond table, T > 620 K)",True,True,36.107416997967725,547.064510897162,0.0,90.0,-90.0,180.0,True,0.00048828125,19.3,0,
diffadj_c-60,7,warm,1600,0.55,0.07971,-60.0,4266.454,4250.046,4318.769,354.1623848908008,392.4837140326206,38.321329141819774,115.15200000000004,334,"runaway (beyond table, T > 620 K)",True,True,10.851955928350959,1350.0,0.0,90.0,-90.0,180.0,True,0.0003662109375,4.9,0,
diffadj_c-60,8,warm,800,6.16,0.07971,-60.0,205.389,204.387,206.861,156.65871470512852,157.8093178053593,1.1506031002307964,-0.09600000000000364,32,equilibrium,True,True,121.54190639753078,162.52078813990354,0.0,0.0,0.0,0.0,True,0.0001678466796875,3.5,0,
diffadj_c-60,9,warm,1100,0.7,0.07971,-60.0,243.274,231.416,260.948,228.47847038974496,230.08777963786972,1.6093092481247595,-0.12299999999999045,29,equilibrium,True,True,13.811580272446673,1350.0,0.0,0.0,0.0,0.0,True,0.0001983642578125,0.4,0,
diffadj_c-60,10,warm,400,4.83,0.07971,-60.0,128.499,128.499,128.499,75.459,78.69538920540771,3.236389205407704,-41.44,15,CO2 condensing,True,True,95.29990387988208,207.27288922190598,1.0,0.0,0.0,0.0,True,0.0,1.3,0,
diffadj_c-60,11,warm,900,0.1,0.07971,-60.0,224.173,172.569,311.208,204.95909069997117,206.39551122455904,1.4364205245878736,-0.06200000000001182,28,equilibrium,True,True,1.9730828960638105,1350.0,0.0,0.0,0.0,0.0,True,0.0002288818359375,0.4,0,
diffadj_c-60,12,warm,1500,2.98,0.07971,-60.0,1663.667,1661.972,1673.86,355.57720743884727,367.8694477261505,12.29224028730323,31.475999999999885,350,"runaway (beyond table, T > 620 K)",True,True,58.797870302701575,335.9490117254382,0.0,90.0,-90.0,180.0,True,0.000457763671875,21.1,0,
diffadj_c-60,13,warm,1600,0.16,0.07971,-60.0,2182.094,2098.114,2334.353,352.7094217884178,392.5038060067706,39.79438421835283,119.92500000000018,153,"runaway (beyond table, T > 620 K)",True,True,3.156932633702098,1350.0,0.0,90.0,-90.0,180.0,True,0.00048828125,2.1,0,
diffadj_c-60,14,warm,900,1.44,0.07971,-60.0,220.659,215.848,227.748,181.4943721948745,182.78923548832702,1.2948632934525222,-0.07800000000000296,25,equilibrium,True,True,28.412393703318866,695.22781593181,0.0,0.0,0.0,0.0,True,0.0001373291015625,0.7,0,
diffadj_c-60,15,warm,600,0.43,0.07971,-60.0,178.941,168.931,193.789,118.8282934219549,119.64739746251702,0.8191040405621237,-0.0730000000000075,27,equilibrium,True,True,8.484256453074389,1350.0,0.0,0.0,0.0,0.0,True,0.000396728515625,0.4,0,
diffadj_c-60,16,warm,1400,10.0,0.07971,-60.0,388.33,387.016,390.267,334.7596447501987,337.2019784457443,2.442333695545642,0.16800000000000637,39,equilibrium,True,True,197.30828960638104,100.11280549418063,0.0,90.0,-90.0,180.0,True,0.000213623046875,8.6,0,
